step_time,reward,total_stopped,total_wait_time
5.0,0,0,0.0
10.0,1,0,0.0
15.0,2,0,0.0
20.0,3,0,0.0
25.0,5,2,6.0
30.0,4,5,29.0
35.0,3,10,66.0
40.0,-1,9,104.0
45.0,-1,9,132.0
50.0,-2,11,184.0
55.0,0,10,227.0
60.0,-2,10,269.0
65.0,-4,14,326.0
70.0,-5,15,395.0
75.0,-4,14,461.0
80.0,-6,16,537.0
85.0,-5,17,620.0
90.0,-6,18,704.0
95.0,-8,19,795.0
100.0,-8,20,891.0
105.0,-6,20,991.0
110.0,-5,23,1101.0
115.0,-5,26,1226.0
120.0,-7,30,1370.0
125.0,-10,29,1513.0
130.0,-9,27,1634.0
135.0,-8,29,1764.0
140.0,-9,30,1910.0
145.0,-9,32,2066.0
150.0,-10,33,2231.0
155.0,-11,35,2399.0
160.0,-11,37,2583.0
165.0,-13,35,2754.0
170.0,-12,35,2910.0
175.0,-13,37,3088.0
180.0,-14,37,3263.0
185.0,-14,34,3283.0
190.0,-12,31,3145.0
195.0,-15,29,3278.0
200.0,-18,26,3401.0
205.0,-18,31,3540.0
210.0,-17,35,3706.0
215.0,-15,36,3878.0
220.0,-17,40,4064.0
225.0,-18,42,4272.0
230.0,-13,41,4274.0
235.0,-6,38,4074.0
240.0,5,33,4227.0
245.0,14,32,4380.0
250.0,8,33,4342.0
255.0,4,32,4111.0
260.0,1,29,4068.0
265.0,-3,33,4217.0
270.0,-9,36,4388.0
275.0,-14,39,4577.0
280.0,-16,42,4747.0
285.0,-17,43,4893.0
290.0,-19,48,5122.0
295.0,-18,46,5348.0
300.0,-18,46,5572.0
305.0,-17,47,5597.0
310.0,-16,43,5416.0
315.0,-17,35,5398.0
320.0,-18,39,5567.0
325.0,-13,36,5465.0
330.0,-6,35,4884.0
335.0,3,37,5071.0
340.0,13,43,5277.0
345.0,9,50,5512.0
350.0,9,55,5777.0
355.0,4,58,6051.0
360.0,1,62,6350.0
365.0,-11,60,6494.0
370.0,-13,56,6464.0
375.0,-17,57,6743.0
380.0,-19,61,7037.0
385.0,-14,58,7016.0
390.0,-6,51,6445.0
395.0,2,45,6187.0
400.0,10,43,6405.0
405.0,6,47,6632.0
410.0,2,49,6728.0
415.0,2,50,6774.0
420.0,-1,53,7027.0
425.0,-8,52,7009.0
430.0,-8,52,6987.0
435.0,-5,51,6728.0
440.0,8,51,6972.0
445.0,14,52,7049.0
450.0,14,51,6967.0
455.0,10,51,6810.0
460.0,1,56,7063.0
465.0,-4,65,7371.0
470.0,-9,66,7695.0
475.0,-15,65,8007.0
480.0,-15,66,8011.0
485.0,-16,57,7630.0
490.0,-18,48,7780.0
495.0,-14,48,7706.0
500.0,-5,50,7407.0
505.0,6,50,7654.0
510.0,11,53,7910.0
515.0,7,54,8172.0
520.0,4,58,8453.0
525.0,1,63,8756.0
530.0,-6,63,9059.0
535.0,-9,65,9376.0
540.0,-14,60,9262.0
545.0,-18,52,8680.0
550.0,-18,48,8719.0
555.0,-14,50,8617.0
560.0,-16,46,8662.0
565.0,-11,49,8505.0
570.0,-7,48,8148.0
575.0,7,43,8225.0
580.0,14,40,8276.0
585.0,11,40,8359.0
590.0,6,44,8557.0
595.0,-1,47,8787.0
600.0,1,49,8736.0
605.0,1,46,8393.0
610.0,2,43,8594.0
615.0,13,42,8534.0
620.0,13,42,8194.0
625.0,9,40,8388.0
630.0,2,42,8581.0
635.0,4,43,8578.0
640.0,6,43,8370.0
645.0,6,48,8599.0
650.0,10,51,8760.0
655.0,6,52,9013.0
660.0,4,56,9282.0
665.0,1,59,9568.0
670.0,1,57,9534.0
675.0,2,52,9402.0
680.0,9,45,9384.0
685.0,15,43,9603.0
690.0,9,46,9418.0
695.0,10,47,8850.0
700.0,5,41,8636.0
705.0,2,46,8852.0
710.0,-6,50,8730.0
715.0,-12,51,8306.0
720.0,-10,44,8321.0
725.0,-2,46,8084.0
730.0,9,43,8218.0
735.0,11,45,8425.0
740.0,9,51,8660.0
745.0,6,56,8887.0
750.0,3,57,9090.0
755.0,-4,61,9336.0
760.0,-10,66,9652.0
765.0,-14,61,9781.0
770.0,-7,56,9697.0
775.0,8,50,9764.0
780.0,16,45,9952.0
785.0,9,48,10160.0
790.0,7,49,10017.0
795.0,2,51,9719.0
800.0,-3,51,9968.0
805.0,-9,49,10183.0
810.0,-15,52,10362.0
815.0,-18,54,10613.0
820.0,-18,58,10898.0
825.0,-19,58,11096.0
830.0,-17,56,11199.0
835.0,-15,54,10964.0
840.0,-12,51,10279.0
845.0,-13,44,10004.0
850.0,-17,43,10193.0
855.0,-18,45,10410.0
860.0,-19,48,10647.0
865.0,-14,51,10692.0
870.0,-6,48,10549.0
875.0,4,45,10761.0
880.0,10,48,10995.0
885.0,5,45,11198.0
890.0,3,44,11380.0
895.0,1,51,11618.0
900.0,1,53,11674.0
905.0,-2,53,11375.0
910.0,3,47,11341.0
915.0,11,43,11023.0
920.0,7,41,11214.0
925.0,5,44,11423.0
930.0,2,48,11648.0
935.0,-2,53,11895.0
940.0,-2,56,11952.0
945.0,2,57,11857.0
950.0,7,50,11573.0
955.0,16,42,10662.0
960.0,11,41,10762.0
965.0,8,46,10977.0
970.0,5,52,11011.0
975.0,9,53,10906.0
980.0,11,55,11001.0
985.0,12,51,10932.0
990.0,10,45,10183.0
995.0,6,45,10410.0
1000.0,5,49,10643.0
1005.0,-2,57,10907.0
1010.0,-8,60,11191.0
1015.0,-13,61,11471.0
1020.0,-17,64,11649.0
1025.0,-17,57,11090.0
1030.0,-12,48,10021.0
1035.0,-14,45,10247.0
1040.0,-16,50,10483.0
1045.0,-10,56,10521.0
1050.0,-6,54,10400.0
1055.0,3,54,10670.0
1060.0,10,55,10943.0
1065.0,8,56,11215.0
1070.0,4,61,11506.0
1075.0,0,62,11809.0
1080.0,-9,63,11725.0
1085.0,-13,59,11326.0
1090.0,-17,56,11303.0
1095.0,-20,53,11398.0
1100.0,-20,51,11310.0
1105.0,-21,50,11555.0
1110.0,-21,50,11797.0
1115.0,-16,49,11769.0
1120.0,-3,51,11952.0
1125.0,2,50,11463.0
1130.0,14,48,10378.0
1135.0,11,49,10621.0
1140.0,5,59,10902.0
1145.0,0,64,11205.0
1150.0,-13,65,11526.0
1155.0,-17,62,11626.0
1160.0,-21,60,11565.0
1165.0,-21,55,11845.0
1170.0,-21,50,11716.0
1175.0,-16,43,11155.0
1180.0,-15,44,10989.0
1185.0,-19,49,11224.0
1190.0,-15,49,11085.0
1195.0,-17,48,10654.0
1200.0,-17,48,10590.0
1205.0,-17,54,10844.0
1210.0,-17,57,11120.0
1215.0,-18,54,11148.0
1220.0,-18,48,10914.0
1225.0,-18,50,10995.0
1230.0,-20,57,11269.0
1235.0,-19,58,11388.0
1240.0,-19,54,11333.0
1245.0,-18,53,11286.0
1250.0,-16,59,11564.0
1255.0,-17,62,11864.0
1260.0,-17,61,12082.0
1265.0,-18,59,12201.0
1270.0,-17,65,12488.0
1275.0,-19,63,12519.0
1280.0,-18,61,12276.0
1285.0,-19,55,12526.0
1290.0,-19,52,12786.0
1295.0,-17,59,13063.0
1300.0,-17,64,13363.0
1305.0,-17,69,13693.0
1310.0,-18,74,14056.0
1315.0,-20,78,14438.0
1320.0,-19,75,14003.0
1325.0,-14,74,12120.0
1330.0,-14,76,12493.0
1335.0,-16,76,12736.0
1340.0,-16,69,12186.0
1345.0,-13,64,12465.0
1350.0,-16,66,12763.0
1355.0,-19,67,13086.0
1360.0,-20,70,13418.0
1365.0,-18,72,13740.0
1370.0,-18,76,14110.0
1375.0,-20,77,14486.0
1380.0,-19,73,14836.0
1385.0,-19,70,15063.0
1390.0,-18,65,15167.0
1395.0,-18,67,15494.0
1400.0,-18,68,15823.0
1405.0,-22,68,16155.0
1410.0,-23,72,16506.0
1415.0,-22,71,16467.0
1420.0,-17,67,16009.0
1425.0,-19,64,16297.0
1430.0,-20,61,16407.0
1435.0,-13,56,15739.0
1440.0,-1,55,15729.0
1445.0,4,53,15897.0
1450.0,10,55,16146.0
1455.0,6,56,16253.0
1460.0,-1,57,15786.0
1465.0,-5,57,15294.0
1470.0,-11,47,15310.0
1475.0,-17,43,15103.0
1480.0,-12,45,14599.0
1485.0,-8,44,13788.0
1490.0,2,50,14022.0
1495.0,11,54,14274.0
1500.0,6,58,14352.0
1505.0,6,53,13855.0
1510.0,1,49,13141.0
1515.0,-6,49,13052.0
1520.0,-10,48,13293.0
1525.0,-17,52,13499.0
1530.0,-16,59,13725.0
1535.0,-16,68,14043.0
1540.0,-12,64,13577.0
1545.0,-5,58,12300.0
1550.0,6,51,12302.0
1555.0,11,49,12552.0
1560.0,12,53,12803.0
1565.0,7,57,13058.0
1570.0,0,63,13342.0
1575.0,2,60,12837.0
1580.0,8,56,12639.0
1585.0,10,49,12257.0
1590.0,13,43,11729.0
1595.0,8,43,11586.0
1600.0,0,47,11808.0
1605.0,2,56,11507.0
1610.0,2,59,10683.0
1615.0,4,61,10986.0
1620.0,13,59,11267.0
1625.0,11,62,11536.0
1630.0,7,66,11841.0
1635.0,8,67,11611.0
1640.0,9,66,11927.0
1645.0,12,66,12249.0
1650.0,6,61,12177.0
1655.0,4,55,11650.0
1660.0,0,53,11669.0
1665.0,-5,52,11931.0
1670.0,-11,55,12204.0
1675.0,-12,54,11530.0
1680.0,-8,51,9940.0
1685.0,5,47,9399.0
1690.0,13,47,9430.0
1695.0,12,50,9279.0
1700.0,7,54,9535.0
1705.0,2,57,9802.0
1710.0,5,58,9523.0
1715.0,8,55,8746.0
1720.0,10,59,9028.0
1725.0,11,62,9332.0
1730.0,9,67,9659.0
1735.0,9,72,10009.0
1740.0,-1,71,10027.0
1745.0,-5,65,9594.0
1750.0,-10,61,9246.0
1755.0,-14,57,9362.0
1760.0,-15,63,9655.0
1765.0,-21,68,9985.0
1770.0,-21,73,10338.0
1775.0,-17,74,10673.0
1780.0,-15,75,11012.0
1785.0,-16,74,11361.0
1790.0,-18,74,11733.0
1795.0,-17,77,12111.0
1800.0,-21,76,12485.0
1805.0,-16,71,12298.0
1810.0,-8,65,11659.0
1815.0,4,59,11698.0
1820.0,12,60,11947.0
1825.0,8,66,12029.0
1830.0,4,69,11771.0
1835.0,-2,67,12097.0
1840.0,-1,66,12225.0
1845.0,3,65,12150.0
1850.0,6,67,12300.0
1855.0,14,67,12486.0
1860.0,12,66,12519.0
1865.0,11,66,12703.0
1870.0,3,66,13030.0
1875.0,-4,71,13169.0
1880.0,-11,73,13115.0
1885.0,-14,70,13136.0
1890.0,-17,67,12876.0
1895.0,-14,70,12758.0
1900.0,-2,69,12549.0
1905.0,2,66,11814.0
1910.0,9,62,11951.0
1915.0,3,57,11891.0
1920.0,0,59,12183.0
1925.0,-9,63,12325.0
1930.0,-11,66,12316.0
1935.0,-16,71,12498.0
1940.0,-17,76,12869.0
1945.0,-10,74,13008.0
1950.0,-2,67,12722.0
1955.0,6,60,12483.0
1960.0,11,56,12772.0
1965.0,11,57,13054.0
1970.0,10,65,13360.0
1975.0,7,73,13708.0
1980.0,3,73,13843.0
1985.0,6,69,13558.0
1990.0,11,60,13013.0
1995.0,10,51,12263.0
2000.0,10,47,12502.0
2005.0,6,54,12752.0
2010.0,2,65,13055.0
2015.0,3,78,13423.0
2020.0,-6,80,13798.0
2025.0,-11,78,13965.0
2030.0,-3,75,13896.0
2035.0,8,70,14101.0
2040.0,13,55,13383.0
2045.0,12,42,12195.0
2050.0,9,42,12265.0
2055.0,2,49,12490.0
2060.0,-4,57,12756.0
2065.0,-4,64,12898.0
2070.0,1,65,13037.0
2075.0,5,66,13229.0
2080.0,8,60,13290.0
2085.0,5,58,13569.0
2090.0,4,58,13597.0
2095.0,1,57,13343.0
2100.0,-3,60,13627.0
2105.0,-11,58,13781.0
2110.0,-14,59,13856.0
2115.0,-16,59,13958.0
2120.0,-14,59,13958.0
2125.0,-17,63,14138.0
2130.0,-16,68,14469.0
2135.0,-18,69,14691.0
2140.0,-18,69,14809.0
2145.0,-16,61,14995.0
2150.0,-18,57,14981.0
2155.0,-9,52,14130.0
2160.0,0,46,13886.0
2165.0,6,43,13860.0
2170.0,13,43,14076.0
2175.0,12,52,14323.0
2180.0,6,61,14606.0
2185.0,3,66,14768.0
2190.0,2,74,15123.0
2195.0,-7,73,14791.0
2200.0,-12,66,13050.0
2205.0,-20,59,13113.0
2210.0,-19,54,13237.0
2215.0,-19,59,13491.0
2220.0,-15,58,13111.0
2225.0,-12,55,11867.0
2230.0,-6,49,10878.0
2235.0,3,48,10884.0
2240.0,12,52,11142.0
2245.0,11,48,11012.0
2250.0,9,46,10429.0
2255.0,4,48,10290.0
2260.0,-2,50,10405.0
2265.0,-5,51,10338.0
2270.0,-15,52,10537.0
2275.0,-20,47,10660.0
2280.0,-18,53,10899.0
2285.0,-19,63,11184.0
2290.0,-18,65,11072.0
2295.0,-18,68,10585.0
2300.0,-11,64,10643.0
2305.0,0,62,10690.0
2310.0,7,60,10963.0
2315.0,10,56,11187.0
2320.0,7,56,11446.0
2325.0,4,62,11744.0
2330.0,-1,61,11803.0
2335.0,-6,62,11672.0
2340.0,-16,66,11900.0
2345.0,-17,65,12219.0
2350.0,-17,67,12541.0
2355.0,-12,60,11723.0
2360.0,-4,51,9660.0
2365.0,5,45,8555.0
2370.0,11,37,8746.0
2375.0,10,41,8922.0
2380.0,9,53,9159.0
2385.0,2,66,9461.0
2390.0,-6,72,9797.0
2395.0,-13,74,9986.0
2400.0,-16,68,10076.0
2405.0,-17,63,10362.0
2410.0,-16,67,10685.0
2415.0,-15,70,11027.0
2420.0,-18,74,11319.0
2425.0,-15,70,11595.0
2430.0,-17,70,11927.0
2435.0,-17,67,12173.0
2440.0,-10,61,11947.0
2445.0,-2,56,11555.0
2450.0,7,51,11806.0
2455.0,13,53,12032.0
2460.0,10,56,12305.0
2465.0,6,62,12595.0
2470.0,1,73,12935.0
2475.0,1,67,12378.0
2480.0,7,62,10968.0
2485.0,12,55,11153.0
2490.0,18,53,11354.0
2495.0,17,56,11584.0
2500.0,3,63,11878.0
2505.0,-3,69,12207.0
2510.0,-4,71,12346.0
2515.0,-10,68,12269.0
2520.0,-21,66,12399.0
2525.0,-20,63,12716.0
2530.0,-22,64,13020.0
2535.0,-22,68,13352.0
2540.0,-21,66,13469.0
2545.0,-20,61,13187.0
2550.0,-15,50,12701.0
2555.0,-7,44,12327.0
2560.0,8,45,12481.0
2565.0,13,48,12576.0
2570.0,10,54,12623.0
2575.0,5,55,12509.0
2580.0,-2,58,12743.0
2585.0,3,58,12709.0
2590.0,5,54,11767.0
2595.0,12,49,10461.0
2600.0,17,45,10651.0
2605.0,14,46,10801.0
2610.0,8,56,11068.0
2615.0,0,65,11377.0
2620.0,-5,71,11724.0
2625.0,-12,73,12087.0
2630.0,-20,71,12241.0
2635.0,-21,67,12225.0
2640.0,-22,63,12546.0
2645.0,-22,67,12870.0
2650.0,-13,60,13090.0
2655.0,-15,58,13013.0
2660.0,-15,59,12425.0
2665.0,-17,61,12719.0
2670.0,-19,62,13024.0
2675.0,-21,65,13334.0
2680.0,-18,65,13640.0
2685.0,-18,62,13724.0
2690.0,-18,62,13651.0
2695.0,-19,59,13753.0
2700.0,-19,54,13701.0
2705.0,-18,50,13355.0
2710.0,-18,51,13330.0
2715.0,-19,54,13592.0
2720.0,-19,55,13584.0
2725.0,-20,55,13304.0
2730.0,-21,56,13579.0
2735.0,-21,61,13871.0
2740.0,-20,66,14194.0
2745.0,-19,64,14259.0
2750.0,-14,59,14205.0
2755.0,-10,57,13985.0
2760.0,-4,53,13398.0
2765.0,5,50,13622.0
2770.0,14,52,13210.0
2775.0,12,48,12207.0
2780.0,9,44,11759.0
2785.0,6,53,11997.0
2790.0,-2,58,12271.0
2795.0,-9,57,12186.0
2800.0,-13,57,11860.0
2805.0,-16,55,12128.0
2810.0,-17,53,12388.0
2815.0,-14,57,12665.0
2820.0,-16,58,12745.0
2825.0,-17,55,12618.0
2830.0,-17,58,12902.0
2835.0,-17,54,12875.0
2840.0,-17,53,12635.0
2845.0,-14,48,12660.0
2850.0,-16,49,12677.0
2855.0,-13,46,12056.0
2860.0,-6,41,10861.0
2865.0,6,39,11004.0
2870.0,18,40,11093.0
2875.0,17,50,11312.0
2880.0,13,56,11340.0
2885.0,8,53,11251.0
2890.0,-2,50,11320.0
2895.0,-4,56,11565.0
2900.0,-13,59,11825.0
2905.0,-19,67,12116.0
2910.0,-21,64,12439.0
2915.0,-20,66,12753.0
2920.0,-22,68,13089.0
2925.0,-17,65,13034.0
2930.0,-11,58,12547.0
2935.0,4,50,12621.0
2940.0,14,43,12516.0
2945.0,8,41,12595.0
2950.0,4,47,12647.0
2955.0,1,52,12881.0
2960.0,2,53,12743.0
2965.0,5,53,12236.0
2970.0,11,51,12495.0
2975.0,13,47,12719.0
2980.0,10,48,12938.0
2985.0,7,47,12917.0
2990.0,2,51,12879.0
2995.0,3,53,12785.0
3000.0,3,52,12330.0
3005.0,10,48,12233.0
3010.0,16,45,12313.0
3015.0,14,50,12345.0
3020.0,9,53,12604.0
3025.0,0,55,12855.0
3030.0,2,51,12698.0
3035.0,3,47,12359.0
3040.0,9,46,12567.0
3045.0,10,52,12811.0
3050.0,7,59,13093.0
3055.0,5,65,13405.0
3060.0,3,66,13526.0
3065.0,6,64,13516.0
3070.0,10,62,13710.0
3075.0,12,61,13984.0
3080.0,11,57,14194.0
3085.0,5,63,14466.0
3090.0,2,70,14799.0
3095.0,2,66,14989.0
3100.0,6,66,15075.0
3105.0,10,65,15316.0
3110.0,15,64,15627.0
3115.0,13,67,15953.0
3120.0,8,70,16296.0
3125.0,2,73,16656.0
3130.0,1,77,16922.0
3135.0,3,72,17101.0
3140.0,8,67,17354.0
3145.0,11,70,17698.0
3150.0,10,70,18043.0
3155.0,6,73,18400.0
3160.0,2,78,18777.0
3165.0,4,78,19069.0
3170.0,7,74,19258.0
3175.0,12,69,19086.0
3180.0,12,62,18271.0
3185.0,9,52,17627.0
3190.0,6,53,17664.0
3195.0,4,52,17820.0
3200.0,7,56,17929.0
3205.0,10,60,18225.0
3210.0,12,65,18543.0
3215.0,10,71,18887.0
3220.0,6,70,19119.0
3225.0,0,69,19248.0
3230.0,0,73,19502.0
3235.0,5,74,19700.0
3240.0,9,74,20069.0
3245.0,13,70,20300.0
3250.0,7,72,20636.0
3255.0,6,76,20963.0
3260.0,3,77,21258.0
3265.0,-2,76,21111.0
3270.0,-5,74,20453.0
3275.0,-19,69,20156.0
3280.0,-16,66,20364.0
3285.0,-13,69,20680.0
3290.0,-15,76,21047.0
3295.0,-14,78,21115.0
3300.0,-13,74,20762.0
3305.0,-10,66,20544.0
3310.0,-2,62,20858.0
3315.0,5,64,21167.0
3320.0,1,67,20979.0
3325.0,-1,66,20259.0
3330.0,-8,68,20020.0
3335.0,-13,76,20369.0
3340.0,-18,86,20778.0
3345.0,-28,86,21193.0
3350.0,-31,86,21385.0
3355.0,-31,90,21440.0
3360.0,-33,91,21696.0
3365.0,-30,89,22043.0
3370.0,-24,84,22306.0
3375.0,-15,82,22718.0
3380.0,-6,82,23127.0
3385.0,-13,87,23551.0
3390.0,-18,86,23471.0
3395.0,-19,82,22780.0
3400.0,-17,79,22998.0
3405.0,-10,78,22965.0
3410.0,-8,76,22669.0
3415.0,-12,76,22701.0
3420.0,-18,78,23080.0
3425.0,-17,75,23328.0
3430.0,-17,71,23444.0
3435.0,-10,70,23776.0
3440.0,-14,78,24156.0
3445.0,-15,85,24569.0
3450.0,-21,87,24998.0
3455.0,-19,83,25296.0
3460.0,-12,76,25452.0
3465.0,-12,79,25833.0
3470.0,-14,88,26249.0
3475.0,-23,86,26470.0
3480.0,-24,80,26476.0
3485.0,-19,75,26738.0
3490.0,-17,77,26927.0
3495.0,-18,86,27253.0
3500.0,-19,84,27467.0
3505.0,-19,80,27540.0
3510.0,-19,76,27844.0
3515.0,-19,77,28095.0
3520.0,-16,69,28060.0
3525.0,-8,69,27735.0
3530.0,3,70,28065.0
3535.0,11,68,27794.0
3540.0,12,67,26898.0
3545.0,5,73,27246.0
3550.0,0,82,27636.0
3555.0,-1,81,27708.0
3560.0,-1,77,27446.0
3565.0,5,73,27367.0
3570.0,9,68,26831.0
3575.0,7,65,27157.0
3580.0,3,71,27495.0
3585.0,-4,76,27865.0
3590.0,-2,82,27911.0
3595.0,0,77,26975.0
3600.0,4,76,27346.0
3605.0,15,77,27728.0
3610.0,10,76,28104.0
3615.0,6,79,28474.0
3620.0,2,83,28884.0
3625.0,0,82,28937.0
3630.0,6,82,29016.0
3635.0,14,83,29428.0
3640.0,9,80,29826.0
3645.0,9,81,30217.0
3650.0,1,85,30629.0
3655.0,1,87,30759.0
3660.0,-9,84,30634.0
3665.0,-12,82,31032.0
3670.0,-18,79,29684.0
3675.0,-16,73,26561.0
3680.0,-15,68,25246.0
3685.0,-16,68,25578.0
3690.0,-17,71,25911.0
3695.0,-21,77,26282.0
3700.0,-22,83,26685.0
3705.0,-21,81,26534.0
3710.0,-21,83,26367.0
3715.0,-20,80,26752.0
3720.0,-22,79,26910.0
3725.0,-22,76,26818.0
3730.0,-20,71,27174.0
3735.0,-21,72,27534.0
3740.0,-19,70,27830.0
3745.0,-15,71,28169.0
3750.0,-17,77,28536.0
3755.0,-16,80,28875.0
3760.0,-16,83,29283.0
3765.0,-17,83,29698.0
3770.0,-18,85,30121.0
3775.0,-20,84,30537.0
3780.0,-19,87,30967.0
3785.0,-23,86,31190.0
3790.0,-21,87,31467.0
3795.0,-21,87,31894.0
3800.0,-16,82,32218.0
3805.0,-16,66,29486.0
3810.0,-16,47,24256.0
3815.0,-17,37,22952.0
3820.0,-13,42,23030.0
3825.0,-13,52,23258.0
3830.0,-16,68,23565.0
3835.0,-21,72,23623.0
3840.0,-15,67,22563.0
3845.0,-10,63,22340.0
3850.0,2,52,21468.0
3855.0,16,39,19315.0
3860.0,14,35,16225.0
3865.0,9,40,16383.0
3870.0,2,51,16608.0
3875.0,-6,61,16593.0
3880.0,-16,64,16360.0
3885.0,-25,68,16691.0
3890.0,-24,74,17048.0
3895.0,-24,81,17440.0
3900.0,-20,85,17806.0
3905.0,-13,90,18185.0
3910.0,-14,92,18631.0
3915.0,-18,95,19088.0
3920.0,-22,99,19581.0
3925.0,-21,95,20043.0
3930.0,-20,93,20484.0
3935.0,-18,95,20956.0
3940.0,-21,94,20762.0
3945.0,-22,89,19901.0
3950.0,-22,86,19766.0
3955.0,-21,92,20207.0
3960.0,-23,92,20581.0
3965.0,-23,87,20770.0
3970.0,-23,80,21148.0
3975.0,-25,77,21168.0
3980.0,-22,76,20859.0
3985.0,-22,70,20311.0
3990.0,-22,71,19523.0
3995.0,-22,76,19890.0
4000.0,-16,78,20163.0
4005.0,-16,77,20206.0
4010.0,-11,77,19698.0
4015.0,-5,72,19740.0
4020.0,3,65,19532.0
4025.0,12,55,19556.0
4030.0,8,54,19717.0
4035.0,2,65,19881.0
4040.0,4,76,19537.0
4045.0,0,75,18513.0
4050.0,9,67,17583.0
4055.0,12,60,15405.0
4060.0,12,60,15668.0
4065.0,8,59,15766.0
4070.0,1,60,15720.0
4075.0,-8,62,15832.0
4080.0,-17,65,16150.0
4085.0,-20,70,16487.0
4090.0,-20,74,16847.0
4095.0,-20,75,17200.0
4100.0,-16,75,16880.0
4105.0,-10,70,16071.0
4110.0,6,66,16357.0
4115.0,13,64,16456.0
4120.0,9,60,16353.0
4125.0,3,60,16649.0
4130.0,-3,63,16953.0
4135.0,-8,73,17297.0
4140.0,-13,73,17447.0
4145.0,-21,72,17362.0
4150.0,-21,70,17506.0
4155.0,-21,72,17856.0
4160.0,-23,70,16847.0
4165.0,-20,68,15225.0
4170.0,-12,66,15159.0
4175.0,-16,64,15374.0
4180.0,-9,66,14920.0
4185.0,-2,61,14702.0
4190.0,6,56,14625.0
4195.0,5,47,14355.0
4200.0,6,46,14300.0
4205.0,1,52,14533.0
4210.0,-4,59,14758.0
4215.0,-8,58,14682.0
4220.0,-12,60,14294.0
4225.0,-17,57,14025.0
4230.0,-12,55,13712.0
4235.0,-5,52,12836.0
4240.0,6,49,12235.0
4245.0,14,49,11438.0
4250.0,15,48,11355.0
4255.0,10,52,11146.0
4260.0,3,59,11214.0
4265.0,-4,65,11471.0
4270.0,-9,62,11671.0
4275.0,-15,60,11916.0
4280.0,-20,66,12240.0
4285.0,-17,76,12594.0
4290.0,-17,73,12363.0
4295.0,-15,61,11034.0
4300.0,-15,55,11200.0
4305.0,-14,58,11477.0
4310.0,-16,65,11782.0
4315.0,-19,69,12119.0
4320.0,-18,63,11388.0
4325.0,-11,50,9639.0
4330.0,2,40,9537.0
4335.0,8,34,9527.0
4340.0,10,33,9614.0
4345.0,6,42,9729.0
4350.0,0,56,9981.0
4355.0,-5,71,10308.0
4360.0,-13,73,10668.0
4365.0,-20,70,10593.0
4370.0,-17,67,10071.0
4375.0,-15,69,10412.0
4380.0,-15,75,10775.0
4385.0,-19,72,11006.0
4390.0,-25,68,11149.0
4395.0,-26,64,11156.0
4400.0,-24,62,11121.0
4405.0,-19,58,11398.0
4410.0,-21,54,11424.0
4415.0,-21,50,11264.0
4420.0,-25,51,11369.0
4425.0,-24,55,11449.0
4430.0,-26,54,11363.0
4435.0,-16,48,11487.0
4440.0,-16,49,11525.0
4445.0,-17,58,11799.0
4450.0,-20,65,12111.0
4455.0,-14,57,10979.0
4460.0,-2,53,8316.0
4465.0,8,45,8361.0
4470.0,14,39,8192.0
4475.0,15,35,8266.0
4480.0,11,42,8363.0
4485.0,-2,47,8582.0
4490.0,-6,58,8833.0
4495.0,-11,64,9148.0
4500.0,-19,64,9293.0
4505.0,-19,57,8752.0
4510.0,-19,42,8277.0
4515.0,-20,36,8254.0
4520.0,-18,37,8398.0
4525.0,-18,44,8599.0
4530.0,-14,52,8265.0
4535.0,-4,54,7540.0
4540.0,5,48,6875.0
4545.0,10,35,5879.0
4550.0,7,27,6019.0
4555.0,10,25,5740.0
4560.0,13,34,5107.0
4565.0,16,46,5304.0
4570.0,12,51,5472.0
4575.0,8,54,5579.0
4580.0,4,54,5849.0
4585.0,-2,60,6076.0
4590.0,3,55,5845.0
4595.0,3,54,5346.0
4600.0,6,58,5626.0
4605.0,13,57,5816.0
4610.0,10,54,5865.0
4615.0,8,49,5768.0
4620.0,4,52,5558.0
4625.0,0,58,5840.0
4630.0,-9,56,6032.0
4635.0,-10,52,5708.0
4640.0,-5,49,5325.0
4645.0,9,51,5320.0
4650.0,15,55,5556.0
4655.0,11,61,5843.0
4660.0,8,58,6006.0
4665.0,6,61,6102.0
4670.0,4,67,6425.0
4675.0,2,73,6516.0
4680.0,-1,72,6338.0
4685.0,6,73,6681.0
4690.0,9,77,7040.0
4695.0,12,76,7400.0
4700.0,12,77,7752.0
4705.0,7,80,8132.0
4710.0,0,85,8545.0
4715.0,-1,81,8670.0
4720.0,0,74,8603.0
4725.0,7,68,8844.0
4730.0,12,66,9162.0
4735.0,11,75,9514.0
4740.0,8,79,9895.0
4745.0,7,85,10313.0
4750.0,-1,89,10751.0
4755.0,-3,85,10922.0
4760.0,0,78,10851.0
4765.0,6,71,10994.0
4770.0,11,75,11347.0
4775.0,9,84,11749.0
4780.0,6,84,12127.0
4785.0,2,83,12369.0
4790.0,1,84,12419.0
4795.0,-3,85,12842.0
4800.0,-16,82,13242.0
4805.0,-19,85,13620.0
4810.0,-23,88,13912.0
4815.0,-25,87,14099.0
4820.0,-25,90,14528.0
4825.0,-25,97,14988.0
4830.0,-27,98,15466.0
4835.0,-22,92,15757.0
4840.0,-14,85,15865.0
4845.0,-14,88,16138.0
4850.0,-16,95,16600.0
4855.0,-16,89,16423.0
4860.0,-9,79,15668.0
4865.0,0,78,15906.0
4870.0,6,78,16292.0
4875.0,5,81,16674.0
4880.0,9,85,16922.0
4885.0,11,85,17035.0
4890.0,11,87,17335.0
4895.0,8,86,17753.0
4900.0,6,88,18174.0
4905.0,1,94,18634.0
4910.0,-2,99,19120.0
4915.0,-7,101,19616.0
4920.0,-15,101,19632.0
4925.0,-20,97,19227.0
4930.0,-21,87,19106.0
4935.0,-15,80,19223.0
4940.0,-17,83,19322.0
4945.0,-17,86,19676.0
4950.0,-11,88,19928.0
4955.0,-5,86,19548.0
4960.0,6,78,18889.0
4965.0,13,76,18857.0
4970.0,9,79,19250.0
4975.0,6,82,19271.0
4980.0,8,79,18541.0
4985.0,3,77,17883.0
4990.0,-3,74,17992.0
4995.0,-11,72,18341.0
5000.0,-17,76,18713.0
5005.0,-13,83,18908.0
5010.0,-7,86,18934.0
5015.0,2,88,19193.0
5020.0,12,88,19634.0
5025.0,11,88,20072.0
5030.0,7,91,20521.0
5035.0,0,92,20892.0
5040.0,-5,87,20548.0
5045.0,-6,80,19973.0
5050.0,-14,77,20365.0
5055.0,-18,78,20703.0
5060.0,-17,81,21098.0
5065.0,-19,91,21529.0
5070.0,-13,95,21771.0
5075.0,-6,90,21671.0
5080.0,8,79,21453.0
5085.0,15,66,21005.0
5090.0,11,59,20787.0
5095.0,9,58,20044.0
5100.0,1,68,20359.0
5105.0,0,78,20199.0
5110.0,4,83,19912.0
5115.0,8,80,19988.0
5120.0,15,82,20390.0
5125.0,11,85,20803.0
5130.0,2,92,21244.0
5135.0,-1,93,21557.0
5140.0,-9,92,21722.0
5145.0,-18,90,22028.0
5150.0,-20,88,22462.0
5155.0,-20,89,22771.0
5160.0,-24,88,22976.0
5165.0,-16,82,23191.0
5170.0,-16,81,23531.0
5175.0,-18,84,23926.0
5180.0,-13,84,24113.0
5185.0,-6,82,24079.0
5190.0,5,74,23680.0
5195.0,13,73,22936.0
5200.0,15,70,23282.0
5205.0,7,69,23464.0
5210.0,6,65,22866.0
5215.0,-1,64,21165.0
5220.0,-9,64,21441.0
5225.0,-13,67,21760.0
5230.0,-17,76,22120.0
5235.0,-14,80,22252.0
5240.0,-6,75,22020.0
5245.0,2,71,22164.0
5250.0,10,65,22501.0
5255.0,10,63,22789.0
5260.0,6,68,22457.0
5265.0,1,69,21483.0
5270.0,3,75,20974.0
5275.0,1,77,20913.0
5280.0,5,72,20245.0
5285.0,14,62,18571.0
5290.0,12,57,18318.0
5295.0,8,62,18610.0
5300.0,0,68,18798.0
5305.0,-8,73,18866.0
5310.0,-15,73,19225.0
5315.0,-23,75,19601.0
5320.0,-23,80,19992.0
5325.0,-17,80,20126.0
5330.0,-9,75,19946.0
5335.0,2,71,20063.0
5340.0,7,67,20294.0
5345.0,5,65,20610.0
5350.0,3,72,20949.0
5355.0,5,74,21261.0
5360.0,-5,78,21515.0
5365.0,-3,81,21669.0
5370.0,0,79,22070.0
5375.0,8,79,21691.0
5380.0,12,69,19893.0
5385.0,9,67,20216.0
5390.0,3,69,20553.0
5395.0,-3,71,20354.0
5400.0,-2,75,19671.0
5405.0,-8,75,19509.0
5410.0,-12,71,19856.0
5415.0,-14,75,20213.0
5420.0,-21,77,20413.0
5425.0,-22,76,20456.0
5430.0,-21,72,20802.0
5435.0,-21,71,20549.0
5440.0,-16,66,18624.0
5445.0,-1,64,17366.0
5450.0,7,68,16914.0
5455.0,14,73,16698.0
5460.0,4,73,15928.0
5465.0,-5,76,15732.0
5470.0,-7,78,16118.0
5475.0,-15,76,15938.0
5480.0,-19,69,14967.0
5485.0,-18,60,14227.0
5490.0,-20,55,14507.0
5495.0,-21,53,13987.0
5500.0,-16,50,12863.0
5505.0,-6,43,10595.0
5510.0,6,35,10325.0
5515.0,16,38,10503.0
5520.0,10,44,10512.0
5525.0,0,50,10365.0
5530.0,-4,55,10627.0
5535.0,-8,59,10921.0
5540.0,-7,57,11011.0
5545.0,-15,64,11160.0
5550.0,-17,68,11301.0
5555.0,-16,63,10933.0
5560.0,-8,58,10784.0
5565.0,3,58,11054.0
5570.0,15,54,11261.0
5575.0,7,60,11480.0
5580.0,3,65,11745.0
5585.0,5,72,11770.0
5590.0,9,75,12136.0
5595.0,9,76,12334.0
5600.0,7,74,12333.0
5605.0,8,71,12683.0
5610.0,0,71,12980.0
5615.0,-2,68,12923.0
5620.0,0,66,12120.0
5625.0,8,63,11438.0
5630.0,13,63,11746.0
5635.0,12,67,12068.0
5640.0,5,71,12190.0
5645.0,-5,78,12251.0
5650.0,-7,78,12629.0
5655.0,-10,81,13024.0
5660.0,-14,81,12938.0
5665.0,-17,80,12472.0
5670.0,-9,78,12831.0
5675.0,-12,78,13152.0
5680.0,-13,83,13535.0
5685.0,-19,86,13420.0
5690.0,-19,81,12747.0
5695.0,-20,74,12853.0
5700.0,-22,69,13195.0
5705.0,-22,66,13405.0
5710.0,-17,68,13381.0
5715.0,-1,70,13682.0
5720.0,3,70,13993.0
5725.0,9,74,14352.0
5730.0,5,82,14741.0
5735.0,-2,86,15159.0
5740.0,-7,86,15140.0
5745.0,-8,81,13927.0
5750.0,-15,73,13454.0
5755.0,-16,69,13530.0
5760.0,-17,70,13872.0
5765.0,-20,73,14044.0
5770.0,-22,71,13869.0
5775.0,-21,70,13860.0
5780.0,-20,71,14207.0
5785.0,-21,77,14583.0
5790.0,-21,82,14979.0
5795.0,-12,83,15105.0
5800.0,-12,75,15036.0
5805.0,-13,81,15405.0
5810.0,-16,83,15811.0
5815.0,-15,77,15711.0
5820.0,-13,74,14932.0
5825.0,-13,69,14295.0
5830.0,-12,66,14438.0
5835.0,-13,59,14131.0
5840.0,-14,61,13797.0
5845.0,-20,63,14104.0
5850.0,-22,66,14412.0
5855.0,-20,71,14714.0
5860.0,-21,77,15054.0
5865.0,-21,81,15453.0
5870.0,-19,81,15682.0
5875.0,-19,76,15429.0
5880.0,-21,69,14589.0
5885.0,-13,52,14288.0
5890.0,-16,52,14439.0
5895.0,-15,60,14721.0
5900.0,-15,70,15049.0
5905.0,-14,72,15133.0
5910.0,-16,67,14790.0
5915.0,-17,63,14457.0
5920.0,-18,64,14778.0
5925.0,-20,69,15105.0
5930.0,-20,77,15474.0
5935.0,-16,77,14981.0
5940.0,-8,69,13621.0
5945.0,9,59,13663.0
5950.0,14,48,13421.0
5955.0,14,50,12849.0
5960.0,12,59,12762.0
5965.0,3,68,13082.0
5970.0,-5,76,13449.0
5975.0,-3,80,13271.0
5980.0,-5,76,12508.0
5985.0,5,70,12182.0
5990.0,12,67,12458.0
5995.0,12,69,12679.0
6000.0,11,66,12498.0
6005.0,3,63,12124.0
6010.0,3,57,11818.0
6015.0,6,55,11117.0
6020.0,10,56,11388.0
6025.0,11,66,11693.0
6030.0,10,77,12054.0
6035.0,8,84,12461.0
6040.0,0,88,12833.0
6045.0,-5,89,13179.0
6050.0,-11,93,13636.0
6055.0,-13,88,13530.0
6060.0,-5,73,12341.0
6065.0,11,63,11943.0
6070.0,15,59,12225.0
6075.0,8,59,12516.0
6080.0,5,63,12420.0
6085.0,2,71,12183.0
6090.0,-1,76,12549.0
6095.0,-9,80,12929.0
6100.0,-16,84,13338.0
6105.0,-18,84,13401.0
6110.0,-16,80,12962.0
6115.0,-16,72,13104.0
6120.0,-16,67,13317.0
6125.0,-15,65,13626.0
6130.0,-17,74,13975.0
6135.0,-14,77,13886.0
6140.0,-5,80,13406.0
6145.0,4,80,13791.0
6150.0,9,76,13796.0
6155.0,10,69,13357.0
6160.0,11,68,13106.0
6165.0,4,66,13433.0
6170.0,-1,70,13759.0
6175.0,-15,77,14121.0
6180.0,-24,87,14533.0
6185.0,-23,93,14977.0
6190.0,-18,92,14974.0
6195.0,-9,87,14401.0
6200.0,0,78,14031.0
6205.0,14,65,13440.0
6210.0,10,59,13367.0
6215.0,6,61,13366.0
6220.0,1,66,13532.0
6225.0,2,72,13637.0
6230.0,-4,71,13615.0
6235.0,-10,72,13951.0
6240.0,-13,76,14293.0
6245.0,-12,81,14624.0
6250.0,-6,83,14810.0
6255.0,-3,79,14690.0
6260.0,7,73,14471.0
6265.0,10,63,14653.0
6270.0,6,64,14959.0
6275.0,3,67,14749.0
6280.0,6,67,14194.0
6285.0,-3,72,14089.0
6290.0,-7,82,14476.0
6295.0,-17,86,14497.0
6300.0,-22,81,13986.0
6305.0,-21,76,13920.0
6310.0,-20,68,13463.0
6315.0,-20,64,12479.0
6320.0,-20,60,12779.0
6325.0,-17,67,13025.0
6330.0,-10,69,13269.0
6335.0,-6,77,13350.0
6340.0,4,86,13379.0
6345.0,5,74,12458.0
6350.0,9,64,11791.0
6355.0,3,59,11896.0
6360.0,0,55,11813.0
6365.0,-3,59,11928.0
6370.0,1,69,12188.0
6375.0,-7,73,12453.0
6380.0,-9,84,12853.0
6385.0,-9,96,13315.0
6390.0,-14,94,13372.0
6395.0,-22,85,12858.0
6400.0,-23,82,13033.0
6405.0,-25,75,13177.0
6410.0,-25,71,13269.0
6415.0,-25,78,13638.0
6420.0,-19,84,13945.0
6425.0,-17,90,14300.0
6430.0,-18,96,14721.0
6435.0,-18,97,15197.0
6440.0,-20,94,15434.0
6445.0,-16,88,15353.0
6450.0,-16,84,15635.0
6455.0,-17,84,15851.0
6460.0,-20,84,15973.0
6465.0,-22,79,15721.0
6470.0,-22,70,15134.0
6475.0,-23,68,15197.0
6480.0,-20,65,14930.0
6485.0,-10,61,15139.0
6490.0,-10,65,15246.0
6495.0,-13,70,15142.0
6500.0,-15,75,15508.0
6505.0,-21,75,15382.0
6510.0,-17,71,14723.0
6515.0,-16,69,15039.0
6520.0,-17,70,14886.0
6525.0,-17,70,14500.0
6530.0,-17,75,14864.0
6535.0,-18,75,15223.0
6540.0,-20,77,15435.0
6545.0,-20,77,15514.0
6550.0,-20,73,15641.0
6555.0,-18,71,15557.0
6560.0,-11,70,15413.0
6565.0,3,70,15633.0
6570.0,8,65,15755.0
6575.0,13,68,16078.0
6580.0,10,74,16427.0
6585.0,2,78,16496.0
6590.0,-4,70,16059.0
6595.0,-10,66,15946.0
6600.0,-10,69,16282.0
6605.0,-16,76,16641.0
6610.0,-17,78,16812.0
6615.0,-16,78,16801.0
6620.0,-20,71,16689.0
6625.0,-19,60,16249.0
6630.0,-24,54,15469.0
6635.0,-17,51,14894.0
6640.0,-7,54,14064.0
6645.0,3,56,14336.0
6650.0,9,56,14367.0
6655.0,8,55,14203.0
6660.0,3,52,14132.0
6665.0,-7,57,14109.0
6670.0,-6,59,14308.0
6675.0,-5,56,14224.0
6680.0,-11,61,13907.0
6685.0,-13,60,14016.0
6690.0,-16,56,14011.0
6695.0,-19,53,13703.0
6700.0,-14,53,13894.0
6705.0,-15,58,14089.0
6710.0,-10,62,13797.0
6715.0,-3,63,13516.0
6720.0,2,68,13841.0
6725.0,7,66,13795.0
6730.0,8,63,13927.0
6735.0,3,59,13722.0
6740.0,-2,57,13015.0
6745.0,-6,50,12769.0
6750.0,-15,50,12987.0
6755.0,-21,59,13251.0
6760.0,-20,65,13564.0
6765.0,-20,73,13912.0
6770.0,-15,72,13639.0
6775.0,-9,62,12508.0
6780.0,3,53,12024.0
6785.0,11,52,12247.0
6790.0,5,54,12512.0
6795.0,6,59,12638.0
6800.0,8,59,11953.0
6805.0,8,50,9983.0
6810.0,10,40,9260.0
6815.0,14,31,9042.0
6820.0,12,31,9198.0
6825.0,7,42,9386.0
6830.0,3,58,9640.0
6835.0,-3,63,9815.0
6840.0,-9,62,9576.0
6845.0,-15,58,9171.0
6850.0,-12,55,8862.0
6855.0,-6,53,8046.0
6860.0,4,49,8097.0
6865.0,10,42,7932.0
6870.0,10,46,8149.0
6875.0,6,55,8406.0
6880.0,0,65,8710.0
6885.0,2,72,8497.0
6890.0,2,70,7824.0
6895.0,7,62,7606.0
6900.0,10,59,7722.0
6905.0,8,57,7737.0
6910.0,5,56,7815.0
6915.0,2,59,8110.0
6920.0,0,60,8158.0
6925.0,3,61,8083.0
6930.0,11,59,8380.0
6935.0,15,59,8659.0
6940.0,14,61,8913.0
6945.0,10,61,8840.0
6950.0,4,63,8502.0
6955.0,-3,62,8696.0
6960.0,-11,60,8763.0
6965.0,-16,60,8946.0
6970.0,-19,66,9263.0
6975.0,-16,77,9623.0
6980.0,-18,80,9726.0
6985.0,-15,75,9493.0
6990.0,-12,68,9512.0
6995.0,-12,64,9441.0
7000.0,-15,56,8963.0
7005.0,-18,54,8808.0
7010.0,-20,59,8842.0
7015.0,-20,59,8974.0
7020.0,-20,65,9243.0
7025.0,-14,64,8936.0
7030.0,-3,58,8131.0
7035.0,8,48,7873.0
7040.0,14,51,8121.0
7045.0,12,56,8078.0
7050.0,8,58,7426.0
7055.0,2,56,7090.0
7060.0,-3,54,7343.0
7065.0,-5,59,7588.0
7070.0,-11,64,7802.0
7075.0,-13,72,7973.0
7080.0,-11,68,8140.0
7085.0,-17,68,8219.0
7090.0,-18,69,8556.0
7095.0,-19,66,8875.0
7100.0,-17,68,8646.0
7105.0,-16,64,7918.0
7110.0,-15,59,7697.0
7115.0,-16,61,7971.0
7120.0,-11,69,8047.0
7125.0,-4,67,8132.0
7130.0,8,70,8451.0
7135.0,14,71,8778.0
7140.0,7,74,9028.0
7145.0,2,75,9211.0
7150.0,0,71,9460.0
7155.0,-6,76,9790.0
7160.0,-10,77,9981.0
7165.0,-18,74,10052.0
7170.0,-19,71,10290.0
7175.0,-18,69,10627.0
7180.0,-18,69,10942.0
7185.0,-18,71,10923.0
7190.0,-16,67,10552.0
7195.0,-13,59,10586.0
7200.0,-15,56,10733.0
7205.0,-15,57,11012.0
7210.0,-16,64,11294.0
7215.0,-18,73,11598.0
7220.0,-15,75,11515.0
7225.0,-9,67,10953.0
7230.0,4,61,11223.0
7235.0,16,61,11471.0
7240.0,11,63,11741.0
7245.0,9,63,11611.0
7250.0,-2,62,10740.0
7255.0,-9,62,10934.0
7260.0,-7,56,10890.0
7265.0,-7,54,10262.0
7270.0,11,48,9904.0
7275.0,19,42,9974.0
7280.0,10,44,10155.0
7285.0,6,59,10414.0
7290.0,-2,62,10706.0
7295.0,-6,70,11013.0
7300.0,-13,69,11074.0
7305.0,-16,64,10565.0
7310.0,-15,61,10857.0
7315.0,-18,65,11175.0
7320.0,-17,64,11256.0
7325.0,-20,63,11107.0
7330.0,-23,56,11006.0
7335.0,-24,51,10525.0
7340.0,-24,49,10768.0
7345.0,-19,46,10634.0
7350.0,-11,49,10135.0
7355.0,-1,56,10397.0
7360.0,6,55,10660.0
7365.0,6,57,10917.0
7370.0,3,62,10961.0
7375.0,-5,59,10515.0
7380.0,-11,51,10252.0
7385.0,-18,49,10461.0
7390.0,-15,49,10600.0
7395.0,-13,52,10611.0
7400.0,-17,55,10415.0
7405.0,-21,58,10478.0
7410.0,-23,58,10721.0
7415.0,-23,62,10986.0
7420.0,-23,62,11255.0
7425.0,-22,62,11268.0
7430.0,-23,60,11090.0
7435.0,-23,59,10747.0
7440.0,-15,47,10849.0
7445.0,-12,47,10797.0
7450.0,-16,55,10916.0
7455.0,-11,60,10745.0
7460.0,-4,64,10610.0
7465.0,6,62,10909.0
7470.0,10,63,11189.0
7475.0,7,58,11409.0
7480.0,2,58,11215.0
7485.0,3,59,10436.0
7490.0,-2,58,9866.0
7495.0,-8,56,10103.0
7500.0,-12,51,10294.0
7505.0,-14,58,10487.0
7510.0,-17,61,10552.0
7515.0,-13,54,10373.0
7520.0,-15,48,10557.0
7525.0,-17,53,10788.0
7530.0,-19,58,11060.0
7535.0,-21,66,11376.0
7540.0,-21,67,11479.0
7545.0,-21,62,11133.0
7550.0,-22,58,11396.0
7555.0,-19,51,11325.0
7560.0,-16,42,10998.0
7565.0,-10,42,10488.0
7570.0,-3,39,9683.0
7575.0,8,39,9697.0
7580.0,15,35,9326.0
7585.0,7,29,9124.0
7590.0,6,35,9110.0
7595.0,2,40,9268.0
7600.0,-5,48,9491.0
7605.0,-13,59,9763.0
7610.0,-18,63,10036.0
7615.0,-18,60,9741.0
7620.0,-12,53,8469.0
7625.0,-3,51,7726.0
7630.0,6,49,7903.0
7635.0,14,46,7861.0
7640.0,4,43,7764.0
7645.0,2,41,7817.0
7650.0,-4,45,8031.0
7655.0,-9,52,8277.0
7660.0,-11,53,8342.0
7665.0,-16,50,7760.0
7670.0,-7,38,7016.0
7675.0,6,33,6835.0
7680.0,13,31,6944.0
7685.0,9,35,7093.0
7690.0,6,40,7267.0
7695.0,-2,51,7477.0
7700.0,0,53,7230.0
7705.0,4,45,6477.0
7710.0,3,39,6209.0
7715.0,12,38,6401.0
7720.0,10,42,6390.0
7725.0,5,42,6176.0
7730.0,1,49,6407.0
7735.0,2,48,6168.0
7740.0,6,40,5468.0
7745.0,8,29,5454.0
7750.0,13,34,5519.0
7755.0,11,48,5729.0
7760.0,11,53,5900.0
7765.0,3,51,5990.0
7770.0,3,45,5791.0
7775.0,5,45,5434.0
7780.0,9,43,5526.0
7785.0,13,42,5609.0
7790.0,14,45,5817.0
7795.0,10,47,5752.0
7800.0,4,42,5370.0
7805.0,4,43,5329.0
7810.0,5,39,5243.0
7815.0,11,36,5245.0
7820.0,16,40,5397.0
7825.0,12,45,5604.0
7830.0,7,48,5747.0
7835.0,3,50,5804.0
7840.0,1,50,5898.0
7845.0,5,48,5920.0
7850.0,10,46,6065.0
7855.0,14,47,6298.0
7860.0,10,48,6535.0
7865.0,6,50,6777.0
7870.0,5,52,6924.0
7875.0,-1,50,6952.0
7880.0,-6,49,7143.0
7885.0,-11,56,7408.0
7890.0,-15,59,7680.0
7895.0,-18,62,7971.0
7900.0,-20,68,8298.0
7905.0,-21,71,8647.0
7910.0,-22,72,8889.0
7915.0,-21,71,9062.0
7920.0,-16,70,9376.0
7925.0,-15,72,9655.0
7930.0,-16,76,10007.0
7935.0,-11,73,10206.0
7940.0,-7,67,10146.0
7945.0,7,60,10053.0
7950.0,9,54,9882.0
7955.0,8,52,9956.0
7960.0,4,58,10225.0
7965.0,4,61,10361.0
7970.0,10,62,10350.0
7975.0,12,63,10660.0
7980.0,16,59,10684.0
7985.0,9,51,10488.0
7990.0,4,52,10707.0
7995.0,0,61,10993.0
8000.0,-7,68,11290.0
8005.0,-14,71,11586.0
8010.0,-19,71,11531.0
8015.0,-19,71,11077.0
8020.0,-20,69,11425.0
8025.0,-16,69,11724.0
8030.0,-11,70,11994.0
8035.0,-9,69,12297.0
8040.0,-9,75,12652.0
8045.0,-15,83,13053.0
8050.0,-13,80,13240.0
8055.0,-13,74,13134.0
8060.0,-4,71,13239.0
8065.0,3,71,13593.0
8070.0,1,74,13942.0
8075.0,-3,78,14325.0
8080.0,-1,83,14680.0
8085.0,-1,77,14968.0
8090.0,-5,79,15284.0
8095.0,-11,85,15687.0
8100.0,-15,90,16110.0
8105.0,-22,88,16548.0
8110.0,-15,84,16906.0
8115.0,-14,84,17208.0
8120.0,-15,85,17573.0
8125.0,-18,83,17986.0
8130.0,-17,86,18294.0
8135.0,-17,89,18527.0
8140.0,-19,88,18958.0
8145.0,-17,85,19361.0
8150.0,-18,86,19773.0
8155.0,-12,83,19913.0
8160.0,-7,76,19231.0
8165.0,5,69,19104.0
8170.0,12,63,19430.0
8175.0,9,66,19750.0
8180.0,5,73,20097.0
8185.0,3,79,20483.0
8190.0,4,84,20611.0
8195.0,4,82,20489.0
8200.0,8,76,20490.0
8205.0,10,69,20603.0
8210.0,8,74,20961.0
8215.0,5,82,21358.0
8220.0,2,83,21766.0
8225.0,1,84,21884.0
8230.0,6,80,21611.0
8235.0,11,71,21462.0
8240.0,13,67,21803.0
8245.0,10,66,21532.0
8250.0,5,64,20662.0
8255.0,1,66,20381.0
8260.0,1,71,20502.0
8265.0,1,75,20443.0
8270.0,8,75,20815.0
8275.0,15,75,21194.0
8280.0,14,78,21577.0
8285.0,6,77,21850.0
8290.0,-2,80,22026.0
8295.0,2,81,22194.0
8300.0,5,77,22221.0
8305.0,6,73,22514.0
8310.0,8,74,22843.0
8315.0,10,72,23034.0
8320.0,14,71,23144.0
8325.0,14,68,23472.0
8330.0,11,67,23128.0
8335.0,7,64,22136.0
8340.0,6,65,22449.0
8345.0,-1,71,22788.0
8350.0,-6,80,23160.0
8355.0,-5,78,23091.0
8360.0,-3,70,22558.0
8365.0,5,61,22782.0
8370.0,13,60,23078.0
8375.0,7,64,23383.0
8380.0,7,68,23707.0
8385.0,2,73,24039.0
8390.0,5,72,24107.0
8395.0,5,71,24108.0
8400.0,12,69,24448.0
8405.0,15,65,24412.0
8410.0,8,63,23998.0
8415.0,7,63,24309.0
8420.0,-1,65,24629.0
8425.0,-1,68,24864.0
8430.0,3,64,24886.0
8435.0,6,65,24999.0
8440.0,9,64,25316.0
8445.0,8,64,25630.0
8450.0,3,66,25951.0
8455.0,3,71,26290.0
8460.0,1,70,25827.0
8465.0,5,62,24536.0
8470.0,9,56,24805.0
8475.0,11,59,25081.0
8480.0,8,66,25400.0
8485.0,3,70,25741.0
8490.0,-1,73,26102.0
8495.0,-1,76,26369.0
8500.0,0,71,26431.0
8505.0,4,66,26744.0
8510.0,10,66,27069.0
8515.0,6,66,27359.0
8520.0,7,67,27614.0
8525.0,3,68,27950.0
8530.0,0,77,28314.0
8535.0,3,67,27743.0
8540.0,3,60,26250.0
8545.0,8,59,26540.0
8550.0,15,58,26821.0
8555.0,12,63,27117.0
8560.0,6,65,27411.0
8565.0,-1,66,27718.0
8570.0,3,71,27940.0
8575.0,4,62,27515.0
8580.0,5,54,26756.0
8585.0,9,49,27004.0
8590.0,8,54,27260.0
8595.0,5,61,27551.0
8600.0,4,59,25306.0
8605.0,-2,54,22362.0
8610.0,2,47,21771.0
8615.0,2,40,21721.0
8620.0,11,39,21794.0
8625.0,14,40,21474.0
8630.0,13,43,20695.0
8635.0,8,51,20924.0
8640.0,4,61,21203.0
8645.0,0,64,21490.0
8650.0,-6,60,21633.0
8655.0,-4,54,21661.0
8660.0,5,53,21816.0
8665.0,11,54,22078.0
8670.0,11,55,22325.0
8675.0,6,51,22411.0
8680.0,7,54,22406.0
8685.0,2,54,21329.0
8690.0,-5,48,18921.0
8695.0,-12,46,18567.0
8700.0,-11,49,18792.0
8705.0,-18,55,19054.0
8710.0,-15,55,19155.0
8715.0,-11,55,19143.0
8720.0,9,50,19366.0
8725.0,10,43,18653.0
8730.0,8,44,17125.0
8735.0,5,51,17360.0
8740.0,-3,52,17604.0
8745.0,0,52,17687.0
8750.0,2,46,17130.0
8755.0,8,37,16242.0
8760.0,11,39,16432.0
8765.0,10,47,16645.0
8770.0,6,51,16891.0
8775.0,2,50,17130.0
8780.0,1,48,17136.0
8785.0,3,47,17063.0
8790.0,5,44,17268.0
8795.0,10,35,15933.0
8800.0,12,30,13121.0
8805.0,11,29,12396.0
8810.0,5,33,12537.0
8815.0,-1,40,12714.0
8820.0,-8,42,12916.0
8825.0,-14,44,13111.0
8830.0,-17,46,13330.0
8835.0,-14,47,13390.0
8840.0,-5,45,13331.0
8845.0,5,38,13521.0
8850.0,13,39,13701.0
8855.0,9,43,13903.0
8860.0,6,48,14131.0
8865.0,4,49,14366.0
8870.0,-2,50,14575.0
8875.0,-6,52,14793.0
8880.0,-9,50,15028.0
8885.0,-15,50,15266.0
8890.0,-15,49,15360.0
8895.0,-16,52,15316.0
8900.0,-17,53,15575.0
8905.0,-21,52,15826.0
8910.0,-17,45,14165.0
8915.0,-6,34,11113.0
8920.0,7,25,11046.0
8925.0,17,20,11107.0
8930.0,13,23,11150.0
8935.0,7,28,11259.0
8940.0,3,29,10796.0
8945.0,4,33,9580.0
8950.0,4,35,9404.0
8955.0,8,31,8570.0
8960.0,13,25,6215.0
8965.0,10,22,5804.0
8970.0,5,19,5852.0
8975.0,-1,24,5927.0
8980.0,2,30,5885.0
8985.0,6,35,5722.0
8990.0,7,37,5898.0
8995.0,10,32,6031.0
9000.0,8,31,6119.0
9005.0,8,33,6250.0
9010.0,5,41,6423.0
9015.0,2,47,6473.0
9020.0,6,47,6348.0
9025.0,5,44,6511.0
9030.0,12,46,6714.0
9035.0,11,52,6957.0
9040.0,5,54,7200.0
9045.0,2,55,7439.0
9050.0,2,58,7541.0
9055.0,-1,54,7334.0
9060.0,6,50,7581.0
9065.0,15,47,7711.0
9070.0,12,40,7719.0
9075.0,9,35,6763.0
9080.0,5,34,5528.0
9085.0,0,36,5298.0
9090.0,-9,35,5453.0
9095.0,-9,37,5450.0
9100.0,-6,39,5371.0
9105.0,6,43,5573.0
9110.0,11,41,5379.0
9115.0,11,39,4827.0
9120.0,10,38,4664.0
9125.0,3,39,4821.0
9130.0,2,43,4882.0
9135.0,2,48,4867.0
9140.0,8,44,4966.0
9145.0,12,38,4899.0
9150.0,9,34,4913.0
9155.0,4,30,5019.0
9160.0,2,38,5175.0
9165.0,-2,48,5389.0
9170.0,-8,51,5618.0
9175.0,-15,54,5841.0
9180.0,-16,56,6028.0
9185.0,-18,54,6276.0
9190.0,-17,54,6505.0
9195.0,-18,50,6720.0
9200.0,-13,46,6342.0
9205.0,-2,36,5579.0
9210.0,8,30,5275.0
9215.0,15,31,5366.0
9220.0,11,36,5530.0
9225.0,9,39,5397.0
9230.0,8,43,5138.0
9235.0,8,43,5187.0
9240.0,11,44,5108.0
9245.0,13,43,5326.0
9250.0,15,42,5526.0
9255.0,10,45,5740.0
9260.0,8,49,5974.0
9265.0,5,53,6230.0
9270.0,4,49,6064.0
9275.0,8,48,5540.0
9280.0,11,47,5630.0
9285.0,16,48,5859.0
9290.0,12,50,6104.0
9295.0,4,51,6021.0
9300.0,4,45,5597.0
9305.0,-8,36,5439.0
9310.0,-11,36,5572.0
9315.0,-17,39,5747.0
9320.0,-17,44,5931.0
9325.0,-18,47,6079.0
9330.0,-12,47,5845.0
9335.0,-2,42,5426.0
9340.0,3,32,5139.0
9345.0,12,28,5279.0
9350.0,7,28,5400.0
9355.0,3,40,5576.0
9360.0,5,48,5595.0
9365.0,5,47,5336.0
9370.0,10,50,5549.0
9375.0,12,51,5669.0
9380.0,8,44,5650.0
9385.0,9,43,5455.0
9390.0,2,46,5642.0
9395.0,-4,47,5543.0
9400.0,-11,48,5156.0
9405.0,-16,45,5093.0
9410.0,-19,45,5297.0
9415.0,-20,51,5511.0
9420.0,-21,58,5791.0
9425.0,-13,53,5952.0
9430.0,-15,50,5855.0
9435.0,-7,46,5293.0
9440.0,-4,43,5295.0
9445.0,7,41,5482.0
9450.0,11,45,5680.0
9455.0,7,45,5875.0
9460.0,2,50,6089.0
9465.0,-1,56,6171.0
9470.0,-7,56,5921.0
9475.0,-15,47,6110.0
9480.0,-16,43,6241.0
9485.0,-12,45,6199.0
9490.0,-4,45,5979.0
9495.0,6,44,6162.0
9500.0,14,42,6067.0
9505.0,13,33,5501.0
9510.0,7,30,4994.0
9515.0,8,24,4737.0
9520.0,13,28,4872.0
9525.0,12,33,5017.0
9530.0,14,38,5198.0
9535.0,7,44,5240.0
9540.0,1,44,5144.0
9545.0,-4,40,5166.0
9550.0,-11,36,5128.0
9555.0,-13,31,4677.0
9560.0,-2,30,4176.0
9565.0,7,27,4300.0
9570.0,10,29,4277.0
9575.0,7,32,4123.0
9580.0,5,33,4124.0
9585.0,1,31,3939.0
9590.0,1,29,3810.0
9595.0,4,29,3464.0
9600.0,5,29,3569.0
9605.0,13,35,3734.0
9610.0,10,33,3587.0
9615.0,7,28,3217.0
9620.0,2,23,3205.0
9625.0,-2,29,3336.0
9630.0,-8,39,3509.0
9635.0,-15,44,3720.0
9640.0,-18,41,3821.0
9645.0,-12,32,3370.0
9650.0,-4,26,2657.0
9655.0,6,23,2767.0
9660.0,14,25,2885.0
9665.0,7,26,2915.0
9670.0,3,27,2936.0
9675.0,1,35,3084.0
9680.0,1,38,2886.0
9685.0,3,31,2379.0
9690.0,4,22,2302.0
9695.0,11,21,2405.0
9700.0,8,28,2529.0
9705.0,5,32,2648.0
9710.0,3,41,2789.0
9715.0,0,43,2755.0
9720.0,6,44,2611.0
9725.0,9,38,2810.0
9730.0,13,37,2957.0
9735.0,10,37,2982.0
9740.0,6,36,3006.0
9745.0,0,40,3179.0
9750.0,-2,45,3205.0
9755.0,0,40,3075.0
9760.0,5,32,3130.0
9765.0,14,29,3160.0
9770.0,9,32,3257.0
9775.0,6,37,3426.0
9780.0,0,38,3578.0
9785.0,3,34,3351.0
9790.0,5,26,2867.0
9795.0,7,21,2832.0
9800.0,14,21,2927.0
9805.0,14,28,3047.0
9810.0,11,36,3209.0
9815.0,6,42,3402.0
9820.0,6,45,3487.0
9825.0,11,48,3457.0
9830.0,13,41,3666.0
9835.0,11,43,3862.0
9840.0,8,46,3965.0
9845.0,5,55,4140.0
9850.0,6,59,4271.0
9855.0,8,63,4361.0
9860.0,12,60,4657.0
9865.0,12,60,4928.0
9870.0,6,61,5217.0
9875.0,6,63,5451.0
9880.0,0,66,5631.0
9885.0,-5,68,5951.0
9890.0,-13,70,6276.0
9895.0,-19,73,6614.0
9900.0,-21,70,6874.0
9905.0,-19,66,7092.0
9910.0,-12,63,7187.0
9915.0,-4,62,7112.0
9920.0,8,53,7090.0
9925.0,13,50,7313.0
9930.0,10,55,7566.0
9935.0,8,57,7841.0
9940.0,7,63,8134.0
9945.0,-3,69,8451.0
9950.0,-2,72,8662.0
9955.0,1,68,8682.0
9960.0,7,63,8814.0
9965.0,12,62,9112.0
9970.0,12,70,9445.0
9975.0,7,70,9780.0
9980.0,2,72,9757.0
9985.0,2,66,9279.0
9990.0,7,61,9292.0
9995.0,6,60,9466.0
10000.0,12,62,9759.0
10005.0,10,66,10055.0
10010.0,9,69,10342.0
10015.0,4,74,10667.0
10020.0,4,76,10860.0
10025.0,6,71,10973.0
10030.0,9,64,10917.0
10035.0,11,54,10470.0
10040.0,8,55,10334.0
10045.0,4,55,10598.0
10050.0,5,62,10741.0
10055.0,10,64,10700.0
10060.0,12,64,11022.0
10065.0,17,62,11331.0
10070.0,12,66,11643.0
10075.0,9,67,11972.0
10080.0,3,72,12310.0
10085.0,-1,75,12669.0
10090.0,1,74,12936.0
10095.0,2,69,13097.0
10100.0,6,63,13007.0
10105.0,14,57,12674.0
10110.0,8,56,12627.0
10115.0,5,57,12906.0
10120.0,0,60,12786.0
10125.0,5,57,12149.0
10130.0,4,54,12199.0
10135.0,9,56,12456.0
10140.0,12,62,12760.0
10145.0,7,66,13071.0
10150.0,2,65,13364.0
10155.0,-2,66,13645.0
10160.0,-2,66,13640.0
10165.0,0,63,13591.0
10170.0,5,61,13895.0
10175.0,12,56,13762.0
10180.0,10,56,13195.0
10185.0,5,60,12096.0
10190.0,0,63,12367.0
10195.0,-7,71,12680.0
10200.0,-10,71,13020.0
10205.0,-14,72,13383.0
10210.0,-10,67,13580.0
10215.0,-2,63,13654.0
10220.0,7,59,13953.0
10225.0,14,53,13704.0
10230.0,10,52,12736.0
10235.0,5,48,12970.0
10240.0,0,53,13212.0
10245.0,3,55,13350.0
10250.0,4,57,13395.0
10255.0,9,57,13571.0
10260.0,12,55,13848.0
10265.0,13,54,13686.0
10270.0,11,53,13114.0
10275.0,6,50,12918.0
10280.0,-2,50,13130.0
10285.0,-1,53,13248.0
10290.0,-1,54,13264.0
10295.0,4,55,13530.0
10300.0,10,58,13811.0
10305.0,10,60,13949.0
10310.0,5,60,13934.0
10315.0,-1,60,14213.0
10320.0,3,61,13918.0
10325.0,6,57,13041.0
10330.0,11,50,13181.0
10335.0,14,50,13422.0
10340.0,12,51,13602.0
10345.0,8,54,13757.0
10350.0,4,59,14041.0
10355.0,2,59,13728.0
10360.0,6,54,12820.0
10365.0,10,53,13083.0
10370.0,12,56,13346.0
10375.0,10,58,13626.0
10380.0,5,68,13946.0
10385.0,-1,75,14304.0
10390.0,-4,82,14707.0
10395.0,-11,82,14927.0
10400.0,-19,77,14772.0
10405.0,-17,77,15153.0
10410.0,-19,78,15439.0
10415.0,-19,74,15609.0
10420.0,-18,67,15723.0
10425.0,-18,61,15614.0
10430.0,-18,65,15875.0
10435.0,-18,70,16210.0
10440.0,-18,70,16447.0
10445.0,-13,62,16355.0
10450.0,-5,57,16311.0
10455.0,7,53,16562.0
10460.0,13,53,16806.0
10465.0,8,57,16899.0
10470.0,7,63,17015.0
10475.0,2,66,17330.0
10480.0,3,67,17488.0
10485.0,3,64,17488.0
10490.0,6,60,17657.0
10495.0,9,50,17048.0
10500.0,11,43,16068.0
10505.0,10,41,16272.0
10510.0,6,45,16484.0
10515.0,-2,52,16722.0
10520.0,-10,65,17023.0
10525.0,-15,67,17350.0
10530.0,-18,71,17693.0
10535.0,-19,67,17165.0
10540.0,-15,52,14450.0
10545.0,-14,40,13458.0
10550.0,-15,37,13098.0
10555.0,-9,38,12854.0
10560.0,1,39,13037.0
10565.0,9,46,13258.0
10570.0,17,54,13504.0
10575.0,8,63,13803.0
10580.0,2,65,13526.0
10585.0,0,63,12793.0
10590.0,-4,59,13082.0
10595.0,-13,59,13353.0
10600.0,-20,59,13460.0
10605.0,-22,57,13378.0
10610.0,-25,58,13664.0
10615.0,-24,56,13697.0
10620.0,-21,53,12822.0
10625.0,-19,48,11706.0
10630.0,-21,53,11273.0
10635.0,-24,57,11541.0
10640.0,-20,55,11551.0
10645.0,-14,56,11359.0
10650.0,-11,60,11643.0
10655.0,-15,65,11921.0
10660.0,-13,73,11966.0
10665.0,-9,72,11753.0
10670.0,8,73,12088.0
10675.0,17,78,12458.0
10680.0,8,75,12631.0
10685.0,0,70,12598.0
10690.0,-7,62,12872.0
10695.0,-10,66,13173.0
10700.0,-18,71,13516.0
10705.0,-19,77,13791.0
10710.0,-15,79,13988.0
10715.0,-15,83,14227.0
10720.0,-19,82,14206.0
10725.0,-21,77,14589.0
10730.0,-23,73,14656.0
10735.0,-13,68,14021.0
10740.0,-14,66,14106.0
10745.0,-11,58,13850.0
10750.0,-4,59,13995.0
10755.0,-1,60,14281.0
10760.0,6,63,14442.0
10765.0,4,63,14464.0
10770.0,-4,66,14748.0
10775.0,-7,70,15086.0
10780.0,-8,73,15420.0
10785.0,-14,74,15756.0
10790.0,-18,77,15932.0
10795.0,-19,69,15684.0
10800.0,-17,61,15568.0
10805.0,-11,51,15449.0
10810.0,-14,53,15355.0
10815.0,-12,58,15505.0
10820.0,-15,67,15816.0
10825.0,-18,71,16040.0
10830.0,-18,72,16165.0
10835.0,-11,68,16483.0
10840.0,-13,68,16749.0
10845.0,-7,68,16563.0
10850.0,1,70,16442.0
10855.0,6,71,16777.0
10860.0,14,69,16981.0
10865.0,11,72,17081.0
10870.0,6,68,17165.0
10875.0,6,64,16727.0
10880.0,5,63,16564.0
10885.0,8,62,15995.0
10890.0,9,62,16233.0
10895.0,13,67,16309.0
10900.0,6,64,16337.0
10905.0,1,67,16616.0
10910.0,-3,71,16001.0
10915.0,-2,63,14163.0
10920.0,-4,63,13109.0
10925.0,-14,70,13426.0
10930.0,-22,69,13654.0
10935.0,-18,63,13270.0
10940.0,-9,59,13017.0
10945.0,0,60,13291.0
10950.0,12,60,13533.0
10955.0,8,63,13733.0
10960.0,0,68,13717.0
10965.0,-3,71,13445.0
10970.0,-4,70,13729.0
10975.0,-9,67,13962.0
10980.0,-17,62,13770.0
10985.0,-18,55,13484.0
10990.0,-16,55,13476.0
10995.0,-16,63,13775.0
11000.0,-22,70,13815.0
11005.0,-26,65,13466.0
11010.0,-20,59,13508.0
11015.0,-15,49,13589.0
11020.0,-14,53,13826.0
11025.0,-10,57,13626.0
11030.0,-6,62,12996.0
11035.0,6,62,12847.0
11040.0,14,62,13124.0
11045.0,10,66,13407.0
11050.0,5,64,13596.0
11055.0,3,63,13667.0
11060.0,-3,59,12818.0
11065.0,-8,57,10896.0
11070.0,-14,55,10533.0
11075.0,-19,53,10796.0
11080.0,-10,52,10473.0
11085.0,-3,48,9638.0
11090.0,9,47,9774.0
11095.0,17,43,9968.0
11100.0,11,50,10079.0
11105.0,6,55,10245.0
11110.0,-1,62,10462.0
11115.0,-6,71,10802.0
11120.0,-14,70,11049.0
11125.0,-18,64,11153.0
11130.0,-20,61,11442.0
11135.0,-20,59,11743.0
11140.0,-15,61,11580.0
11145.0,-5,57,11458.0
11150.0,1,48,10864.0
11155.0,8,43,10548.0
11160.0,4,38,10739.0
11165.0,1,40,10538.0
11170.0,8,46,9961.0
11175.0,12,49,10184.0
11180.0,14,52,10415.0
11185.0,10,54,10542.0
11190.0,5,49,10191.0
11195.0,1,43,9812.0
11200.0,5,37,9286.0
11205.0,5,35,8292.0
11210.0,9,33,7905.0
11215.0,12,36,8077.0
11220.0,10,40,7947.0
11225.0,6,43,7498.0
11230.0,-1,36,7274.0
11235.0,-4,38,7343.0
11240.0,-10,42,7531.0
11245.0,-17,45,7507.0
11250.0,-19,47,7425.0
11255.0,-14,50,7397.0
11260.0,-6,50,7154.0
11265.0,4,53,7402.0
11270.0,10,52,7632.0
11275.0,8,48,7706.0
11280.0,6,51,7702.0
11285.0,-2,53,7851.0
11290.0,-5,57,8124.0
11295.0,-6,55,7945.0
11300.0,-6,50,7546.0
11305.0,4,46,7634.0
11310.0,10,46,7848.0
11315.0,8,42,7804.0
11320.0,5,34,7567.0
11325.0,0,31,7549.0
11330.0,2,36,7523.0
11335.0,2,41,7364.0
11340.0,6,43,7516.0
11345.0,14,41,7504.0
11350.0,10,40,7505.0
11355.0,5,44,7444.0
11360.0,0,41,7612.0
11365.0,0,43,7556.0
11370.0,4,44,7422.0
11375.0,6,47,7551.0
11380.0,14,45,7614.0
11385.0,12,46,7825.0
11390.0,5,52,8072.0
11395.0,0,51,7757.0
11400.0,-2,47,6831.0
11405.0,-7,47,6524.0
11410.0,-11,51,6659.0
11415.0,-17,50,6741.0
11420.0,-23,48,6691.0
11425.0,-23,46,6922.0
11430.0,-23,47,7150.0
11435.0,-18,47,7365.0
11440.0,-18,51,7567.0
11445.0,-19,55,7814.0
11450.0,-19,59,6869.0
11455.0,-19,64,7057.0
11460.0,-19,67,7339.0
11465.0,-19,68,7677.0
11470.0,-19,64,7745.0
11475.0,-19,54,7542.0
11480.0,-14,48,7082.0
11485.0,-6,40,6831.0
11490.0,2,39,6957.0
11495.0,8,45,7167.0
11500.0,4,53,7412.0
11505.0,2,57,7690.0
11510.0,-1,60,7856.0
11515.0,-2,54,7672.0
11520.0,-1,47,7261.0
11525.0,5,48,7494.0
11530.0,9,51,7746.0
11535.0,9,56,7899.0
11540.0,3,59,8189.0
11545.0,2,59,8436.0
11550.0,4,56,8429.0
11555.0,3,53,8106.0
11560.0,7,52,8368.0
11565.0,11,57,8643.0
11570.0,9,60,8934.0
11575.0,7,59,9060.0
11580.0,4,59,9011.0
11585.0,4,60,9123.0
11590.0,4,61,9073.0
11595.0,8,63,9383.0
11600.0,12,63,9698.0
11605.0,8,63,10012.0
11610.0,6,64,10263.0
11615.0,0,62,10439.0
11620.0,-3,64,10752.0
11625.0,-4,68,10896.0
11630.0,-2,67,10869.0
11635.0,4,64,11193.0
11640.0,10,60,11433.0
11645.0,6,56,11317.0
11650.0,6,57,11189.0
11655.0,0,59,11290.0
11660.0,0,59,11354.0
11665.0,2,56,11291.0
11670.0,5,57,11380.0
11675.0,11,60,11672.0
11680.0,7,59,11829.0
11685.0,7,55,11868.0
11690.0,2,57,12010.0
11695.0,2,58,12172.0
11700.0,4,57,12266.0
11705.0,5,52,11653.0
11710.0,13,47,10370.0
11715.0,12,46,10594.0
11720.0,6,50,10832.0
11725.0,0,50,11073.0
11730.0,2,53,11199.0
11735.0,6,53,11036.0
11740.0,8,51,10825.0
11745.0,8,47,10826.0
11750.0,8,44,10691.0
11755.0,4,48,10268.0
11760.0,-3,58,10215.0
11765.0,0,62,10383.0
11770.0,4,55,9639.0
11775.0,11,44,8652.0
11780.0,14,40,8832.0
11785.0,10,43,9035.0
11790.0,7,40,8960.0
11795.0,2,41,8379.0
11800.0,2,43,8473.0
11805.0,2,49,8519.0
11810.0,8,50,8754.0
11815.0,10,49,8983.0
11820.0,4,47,8898.0
11825.0,4,53,8509.0
11830.0,0,56,8769.0
11835.0,-2,57,8920.0
11840.0,2,51,8719.0
11845.0,6,42,7896.0
11850.0,15,35,7293.0
11855.0,14,33,7051.0
11860.0,8,34,7207.0
11865.0,0,42,7402.0
11870.0,0,43,7462.0
11875.0,0,43,7391.0
11880.0,5,41,7490.0
11885.0,11,44,7700.0
11890.0,9,47,7924.0
11895.0,7,48,8162.0
11900.0,2,46,7955.0
11905.0,5,41,7217.0
11910.0,7,35,7077.0
11915.0,4,26,6970.0
11920.0,10,29,7103.0
11925.0,8,37,7266.0
11930.0,8,46,7475.0
11935.0,-2,50,7686.0
11940.0,-2,48,7779.0
11945.0,2,45,7800.0
11950.0,4,45,8025.0
11955.0,10,41,8062.0
11960.0,6,37,8006.0
11965.0,4,42,8190.0
11970.0,0,45,7938.0
11975.0,1,40,7081.0
11980.0,4,33,6549.0
11985.0,5,25,6583.0
11990.0,11,25,6680.0
11995.0,9,30,6818.0
12000.0,5,41,6999.0
12005.0,0,46,6734.0
12010.0,7,44,6154.0
12015.0,10,37,5928.0
12020.0,11,29,5841.0
12025.0,13,30,5957.0
12030.0,9,32,6050.0
12035.0,7,34,5993.0
12040.0,4,34,5805.0
12045.0,0,42,5998.0
12050.0,-6,45,6217.0
12055.0,-13,49,6452.0
12060.0,-19,50,6275.0
12065.0,-14,44,5481.0
12070.0,-5,41,5462.0
12075.0,3,41,5664.0
12080.0,9,42,5870.0
12085.0,5,46,6088.0
12090.0,0,52,6335.0
12095.0,0,50,6384.0
12100.0,2,41,5986.0
12105.0,11,32,5817.0
12110.0,16,28,5797.0
12115.0,15,27,5924.0
12120.0,7,34,6078.0
12125.0,1,46,6286.0
12130.0,-2,54,6462.0
12135.0,-10,50,6109.0
12140.0,-16,45,5357.0
12145.0,-18,46,5584.0
12150.0,-18,50,5823.0
12155.0,-17,46,5366.0
12160.0,-17,44,4354.0
12165.0,-11,42,4397.0
12170.0,-3,36,4260.0
12175.0,7,41,4447.0
12180.0,9,39,4544.0
12185.0,5,44,4466.0
12190.0,3,49,4696.0
12195.0,-5,57,4963.0
12200.0,-10,66,5227.0
12205.0,-7,64,5276.0
12210.0,-5,60,5057.0
12215.0,6,56,5296.0
12220.0,14,54,5555.0
12225.0,9,54,5758.0
12230.0,3,60,6001.0
12235.0,2,64,6082.0
12240.0,3,62,5749.0
12245.0,5,53,5847.0
12250.0,9,48,6011.0
12255.0,7,47,6240.0
12260.0,6,49,6295.0
12265.0,6,50,5991.0
12270.0,19,48,5851.0
12275.0,18,48,5916.0
12280.0,12,49,6056.0
12285.0,8,53,6025.0
12290.0,0,56,6300.0
12295.0,-5,64,6604.0
12300.0,-8,60,6535.0
12305.0,-9,51,5998.0
12310.0,1,46,5883.0
12315.0,11,46,6106.0
12320.0,7,48,6241.0
12325.0,1,53,6305.0
12330.0,-4,52,6367.0
12335.0,-9,50,6337.0
12340.0,-10,53,6492.0
12345.0,-10,58,6766.0
12350.0,-16,64,6938.0
12355.0,-17,61,6804.0
12360.0,-11,54,6634.0
12365.0,-1,55,6720.0
12370.0,5,44,6681.0
12375.0,1,37,6503.0
12380.0,4,38,6448.0
12385.0,3,47,6567.0
12390.0,1,59,6643.0
12395.0,2,65,6771.0
12400.0,4,68,6981.0
12405.0,8,63,7091.0
12410.0,4,64,7315.0
12415.0,1,63,7327.0
12420.0,1,61,6870.0
12425.0,4,58,6159.0
12430.0,11,60,6331.0
12435.0,15,64,6640.0
12440.0,11,65,6545.0
12445.0,6,60,6085.0
12450.0,-3,58,6114.0
12455.0,-6,62,6300.0
12460.0,-11,62,6225.0
12465.0,-14,58,6375.0
12470.0,-7,63,6513.0
12475.0,-1,68,6518.0
12480.0,9,59,6519.0
12485.0,15,53,6558.0
12490.0,11,52,6690.0
12495.0,3,52,6704.0
12500.0,-2,53,6839.0
12505.0,-4,57,7052.0
12510.0,-6,59,6829.0
12515.0,-7,58,6242.0
12520.0,-15,56,6258.0
12525.0,-19,50,5897.0
12530.0,-16,44,5837.0
12535.0,-16,43,5955.0
12540.0,-17,50,6181.0
12545.0,-17,56,6340.0
12550.0,-17,57,6288.0
12555.0,-16,54,6152.0
12560.0,-8,50,6011.0
12565.0,0,40,6034.0
12570.0,11,37,5809.0
12575.0,8,39,5972.0
12580.0,4,42,6056.0
12585.0,0,46,6072.0
12590.0,0,43,6008.0
12595.0,0,41,5683.0
12600.0,3,43,5702.0
12605.0,11,48,5938.0
12610.0,9,52,5993.0
12615.0,4,49,5677.0
12620.0,4,49,5464.0
12625.0,4,51,5535.0
12630.0,6,53,5447.0
12635.0,10,48,5456.0
12640.0,11,43,5416.0
12645.0,7,40,5400.0
12650.0,9,48,5623.0
12655.0,2,53,5793.0
12660.0,4,51,5699.0
12665.0,4,44,5573.0
12670.0,8,45,5796.0
12675.0,12,49,5949.0
12680.0,8,41,5837.0
12685.0,5,40,5576.0
12690.0,0,47,5792.0
12695.0,0,49,5798.0
12700.0,6,53,5674.0
12705.0,5,51,5795.0
12710.0,13,51,6053.0
12715.0,9,50,6207.0
12720.0,5,44,6268.0
12725.0,2,45,6378.0
12730.0,2,48,6456.0
12735.0,4,51,6528.0
12740.0,5,50,6688.0
12745.0,11,49,6871.0
12750.0,7,48,7016.0
12755.0,7,52,7167.0
12760.0,4,54,7065.0
12765.0,4,51,6509.0
12770.0,4,45,6569.0
12775.0,10,40,6683.0
12780.0,10,38,6711.0
12785.0,8,43,6907.0
12790.0,4,49,7091.0
12795.0,2,58,7351.0
12800.0,4,59,7536.0
12805.0,3,53,7450.0
12810.0,5,42,6959.0
12815.0,11,36,6387.0
12820.0,11,37,6572.0
12825.0,9,43,6773.0
12830.0,5,45,6987.0
12835.0,0,49,7203.0
12840.0,2,50,6863.0
12845.0,2,47,5971.0
12850.0,4,41,6166.0
12855.0,10,44,6349.0
12860.0,8,48,6574.0
12865.0,3,61,6853.0
12870.0,0,68,7168.0
12875.0,0,72,7405.0
12880.0,2,73,7588.0
12885.0,7,67,7753.0
12890.0,11,56,7418.0
12895.0,9,53,6555.0
12900.0,7,46,6308.0
12905.0,3,41,6212.0
12910.0,-1,43,6371.0
12915.0,-5,52,6611.0
12920.0,-13,61,6892.0
12925.0,-16,67,7212.0
12930.0,-17,69,7538.0
12935.0,-10,70,7773.0
12940.0,-4,70,7896.0
12945.0,4,66,7766.0
12950.0,12,62,7426.0
12955.0,8,59,7679.0
12960.0,6,58,7926.0
12965.0,2,61,7886.0
12970.0,2,62,7475.0
12975.0,6,59,7535.0
12980.0,9,58,7686.0
12985.0,13,62,7985.0
12990.0,9,68,8314.0
12995.0,7,68,8626.0
13000.0,4,68,8945.0
13005.0,4,70,9169.0
13010.0,6,68,9286.0
13015.0,9,61,9313.0
13020.0,11,52,8915.0
13025.0,7,49,8829.0
13030.0,5,54,9084.0
13035.0,0,59,9336.0
13040.0,2,64,9484.0
13045.0,6,63,9401.0
13050.0,11,52,8993.0
13055.0,14,41,8035.0
13060.0,9,36,8197.0
13065.0,3,42,8389.0
13070.0,-2,52,8631.0
13075.0,0,57,8565.0
13080.0,2,47,8027.0
13085.0,5,49,7779.0
13090.0,11,44,7847.0
13095.0,9,45,7898.0
13100.0,5,49,7800.0
13105.0,2,53,8017.0
13110.0,4,58,8164.0
13115.0,6,62,8288.0
13120.0,8,54,8325.0
13125.0,14,46,8065.0
13130.0,13,41,8229.0
13135.0,6,43,8045.0
13140.0,2,40,7508.0
13145.0,0,45,7256.0
13150.0,4,49,7126.0
13155.0,6,47,7147.0
13160.0,12,43,6993.0
13165.0,8,39,7163.0
13170.0,4,42,7366.0
13175.0,6,50,7495.0
13180.0,10,50,7537.0
13185.0,11,47,7666.0
13190.0,11,45,7609.0
13195.0,13,41,7237.0
13200.0,12,38,7392.0
13205.0,3,38,7553.0
13210.0,2,39,7641.0
13215.0,6,40,7427.0
13220.0,10,36,7203.0
13225.0,12,33,7052.0
13230.0,12,27,6570.0
13235.0,9,32,6717.0
13240.0,3,40,6899.0
13245.0,0,41,6980.0
13250.0,2,40,6963.0
13255.0,10,39,7149.0
13260.0,10,40,7010.0
13265.0,11,37,6613.0
13270.0,10,35,6496.0
13275.0,2,39,6676.0
13280.0,1,40,6759.0
13285.0,-1,38,6731.0
13290.0,4,35,6628.0
13295.0,10,31,6057.0
13300.0,11,29,5741.0
13305.0,6,33,5896.0
13310.0,0,35,6049.0
13315.0,0,40,6117.0
13320.0,0,41,6107.0
13325.0,6,38,6190.0
13330.0,11,35,6143.0
13335.0,10,36,5956.0
13340.0,10,34,5977.0
13345.0,4,33,6111.0
13350.0,-2,36,6018.0
13355.0,-8,40,5761.0
13360.0,-16,44,5614.0
13365.0,-17,44,5594.0
13370.0,-11,36,5526.0
13375.0,-3,30,5429.0
13380.0,7,28,5413.0
13385.0,15,29,5515.0
13390.0,12,36,5678.0
13395.0,5,40,5528.0
13400.0,2,42,5091.0
13405.0,0,41,5106.0
13410.0,-6,38,4647.0
13415.0,-14,33,3504.0
13420.0,-13,32,3010.0
13425.0,-17,38,3174.0
13430.0,-14,44,3228.0
13435.0,-6,41,3150.0
13440.0,4,40,3341.0
13445.0,12,39,3483.0
13450.0,10,32,3435.0
13455.0,9,27,3265.0
13460.0,4,28,3398.0
13465.0,-4,34,3550.0
13470.0,-10,39,3732.0
13475.0,-22,42,3877.0
13480.0,-22,41,3961.0
13485.0,-22,38,4042.0
13490.0,-14,36,3837.0
13495.0,-5,32,3564.0
13500.0,10,31,3693.0
13505.0,14,25,3698.0
13510.0,8,27,3673.0
13515.0,5,38,3789.0
13520.0,0,44,3995.0
13525.0,-5,50,4223.0
13530.0,-13,56,4491.0
13535.0,-19,62,4793.0
13540.0,-18,64,5047.0
13545.0,-19,63,5139.0
13550.0,-12,61,4967.0
13555.0,-2,59,5053.0
13560.0,8,58,4547.0
13565.0,12,54,4650.0
13570.0,4,56,4925.0
13575.0,1,65,5227.0
13580.0,-2,66,5513.0
13585.0,-7,65,5684.0
13590.0,-15,61,5750.0
13595.0,-17,54,5685.0
13600.0,-15,47,5554.0
13605.0,-16,44,5772.0
13610.0,-16,49,6003.0
13615.0,-11,60,6038.0
13620.0,-7,63,5779.0
13625.0,4,52,5514.0
13630.0,14,46,5444.0
13635.0,11,39,5148.0
13640.0,15,36,5048.0
13645.0,9,41,4952.0
13650.0,7,47,4968.0
13655.0,1,48,4936.0
13660.0,-9,51,5185.0
13665.0,-19,56,5455.0
13670.0,-20,58,5479.0
13675.0,-12,59,5253.0
13680.0,1,53,5103.0
13685.0,15,44,5010.0
13690.0,13,40,4954.0
13695.0,1,40,4913.0
13700.0,-2,43,5124.0
13705.0,-7,48,5344.0
13710.0,-6,53,5447.0
13715.0,-10,46,5328.0
13720.0,-16,47,5497.0
13725.0,-16,52,5749.0
13730.0,-15,55,5758.0
13735.0,-7,52,6021.0
13740.0,1,51,6067.0
13745.0,17,43,5617.0
13750.0,9,46,5310.0
13755.0,6,51,5558.0
13760.0,-1,55,5735.0
13765.0,-11,53,5829.0
13770.0,-21,51,6004.0
13775.0,-25,49,6252.0
13780.0,-20,43,5973.0
13785.0,-5,35,5752.0
13790.0,5,32,5866.0
13795.0,11,35,6034.0
13800.0,3,40,6125.0
13805.0,-7,41,6036.0
13810.0,-8,41,6012.0
13815.0,-14,37,5789.0
13820.0,-13,36,5434.0
13825.0,-9,28,5004.0
13830.0,6,32,5087.0
13835.0,12,37,5260.0
13840.0,6,40,5351.0
13845.0,-1,37,5099.0
13850.0,-2,35,4753.0
13855.0,-7,32,4738.0
13860.0,-10,33,4818.0
13865.0,-17,39,4921.0
13870.0,-14,41,4797.0
13875.0,-5,41,4694.0
13880.0,5,43,4680.0
13885.0,11,39,4565.0
13890.0,7,36,4629.0
13895.0,4,34,4564.0
13900.0,1,34,4631.0
13905.0,-9,41,4825.0
13910.0,-13,44,5004.0
13915.0,-19,48,5183.0
13920.0,-14,50,5102.0
13925.0,-6,45,4640.0
13930.0,4,36,4605.0
13935.0,10,33,4728.0
13940.0,8,31,4678.0
13945.0,2,35,4482.0
13950.0,-2,37,4666.0
13955.0,-7,38,4737.0
13960.0,-8,33,4388.0
13965.0,-6,27,3990.0
13970.0,2,29,4102.0
13975.0,10,39,4277.0
13980.0,8,44,4491.0
13985.0,4,44,4703.0
13990.0,0,48,4913.0
13995.0,0,48,4892.0
14000.0,2,42,4518.0
14005.0,6,30,4368.0
14010.0,10,28,4415.0
14015.0,8,32,4562.0
14020.0,10,35,4612.0
14025.0,2,38,4589.0
14030.0,0,43,4551.0
14035.0,2,42,4283.0
14040.0,5,38,4173.0
14045.0,11,36,4178.0
14050.0,7,36,4092.0
14055.0,5,35,3631.0
14060.0,2,34,3801.0
14065.0,1,32,3784.0
14070.0,4,35,3653.0
14075.0,10,34,3783.0
14080.0,12,38,3887.0
14085.0,8,41,4085.0
14090.0,4,48,4313.0
14095.0,-2,47,4481.0
14100.0,-2,45,4405.0
14105.0,0,43,4283.0
14110.0,5,39,4159.0
14115.0,13,34,3824.0
14120.0,9,28,3276.0
14125.0,7,31,3423.0
14130.0,4,36,3584.0
14135.0,4,39,3596.0
14140.0,4,35,3441.0
14145.0,7,38,3535.0
14150.0,13,44,3743.0
14155.0,11,45,3944.0
14160.0,9,46,4112.0
14165.0,2,48,4348.0
14170.0,2,47,4339.0
14175.0,4,39,4079.0
14180.0,6,33,3983.0
14185.0,12,23,3623.0
14190.0,10,27,3746.0
14195.0,7,35,3901.0
14200.0,0,43,4096.0
14205.0,0,48,4221.0
14210.0,6,48,4285.0
14215.0,6,50,4534.0
14220.0,10,47,4754.0
14225.0,6,50,4955.0
14230.0,4,51,5164.0
14235.0,3,54,5202.0
14240.0,10,56,5283.0
14245.0,10,58,5566.0
14250.0,12,59,5857.0
14255.0,8,62,6164.0
14260.0,4,70,6499.0
14265.0,4,72,6754.0
14270.0,5,70,6848.0
14275.0,9,62,6959.0
14280.0,9,57,6956.0
14285.0,7,59,7241.0
14290.0,5,58,7229.0
14295.0,0,66,7518.0
14300.0,0,67,7739.0
14305.0,4,64,7809.0
14310.0,6,57,7968.0
14315.0,17,52,8236.0
14320.0,9,54,8499.0
14325.0,2,55,8742.0
14330.0,1,58,8668.0
14335.0,-2,58,8537.0
14340.0,2,55,8543.0
14345.0,5,46,8689.0
14350.0,13,49,8908.0
14355.0,9,57,9172.0
14360.0,7,66,9481.0
14365.0,2,71,9828.0
14370.0,-5,69,10137.0
14375.0,-4,60,9819.0
14380.0,-2,51,9843.0
14385.0,4,51,10097.0
14390.0,10,58,10370.0
14395.0,6,55,10578.0
14400.0,4,56,10759.0
14405.0,0,61,11038.0
14410.0,0,61,10982.0
14415.0,4,49,10530.0
14420.0,3,43,10409.0
14425.0,15,46,10628.0
14430.0,11,55,10878.0
14435.0,5,58,11138.0
14440.0,0,57,11170.0
14445.0,2,53,10893.0
14450.0,2,53,10969.0
14455.0,8,52,11213.0
14460.0,14,49,11416.0
14465.0,8,44,11370.0
14470.0,4,49,11218.0
14475.0,0,52,10960.0
14480.0,4,48,10065.0
14485.0,4,41,9885.0
14490.0,7,36,9979.0
14495.0,11,40,10168.0
14500.0,11,43,10318.0
14505.0,5,42,10449.0
14510.0,0,49,10665.0
14515.0,2,57,10821.0
14520.0,4,51,10867.0
14525.0,4,46,10776.0
14530.0,13,37,10379.0
14535.0,13,31,9614.0
14540.0,13,33,9761.0
14545.0,4,41,9945.0
14550.0,-3,46,10107.0
14555.0,-9,51,10315.0
14560.0,-16,47,10143.0
14565.0,-3,37,9545.0
14570.0,10,29,8838.0
14575.0,16,24,8368.0
14580.0,12,24,7390.0
14585.0,6,27,7067.0
14590.0,6,31,7096.0
14595.0,6,34,7041.0
14600.0,7,37,7109.0
14605.0,11,40,7295.0
14610.0,7,39,7419.0
14615.0,5,40,7562.0
14620.0,0,39,7730.0
14625.0,0,37,7475.0
14630.0,7,36,6799.0
14635.0,10,32,6374.0
14640.0,10,32,5539.0
14645.0,8,32,5239.0
14650.0,4,37,5416.0
14655.0,-1,40,5553.0
14660.0,-4,42,5182.0
14665.0,-10,36,4405.0
14670.0,-14,36,4579.0
14675.0,-19,39,4736.0
14680.0,-14,38,4760.0
14685.0,-5,34,4694.0
14690.0,3,31,4233.0
14695.0,9,27,3404.0
14700.0,7,29,3545.0
14705.0,4,35,3708.0
14710.0,4,40,3761.0
14715.0,4,42,3691.0
14720.0,7,41,3312.0
14725.0,11,39,2682.0
14730.0,11,30,2663.0
14735.0,5,28,2570.0
14740.0,2,32,2714.0
14745.0,-1,42,2901.0
14750.0,-3,42,2793.0
14755.0,-1,38,2747.0
14760.0,5,36,2618.0
14765.0,9,29,2486.0
14770.0,5,26,2479.0
14775.0,0,31,2591.0
14780.0,0,35,2603.0
14785.0,4,34,2461.0
14790.0,7,36,2407.0
14795.0,11,36,2455.0
14800.0,9,31,2493.0
14805.0,5,26,2374.0
14810.0,2,26,2380.0
14815.0,4,31,2391.0
14820.0,4,38,2306.0
14825.0,8,40,2502.0
14830.0,14,40,2699.0
14835.0,12,45,2905.0
14840.0,5,42,2989.0
14845.0,0,41,2938.0
14850.0,0,39,3006.0
14855.0,5,37,3063.0
14860.0,5,35,3115.0
14865.0,9,32,3047.0
14870.0,5,30,3072.0
14875.0,4,28,3008.0
14880.0,1,26,2990.0
14885.0,4,29,2869.0
14890.0,8,25,2857.0
14895.0,14,28,2711.0
14900.0,12,27,2726.0
14905.0,7,25,2672.0
14910.0,2,27,2795.0
14915.0,0,31,2812.0
14920.0,2,28,2594.0
14925.0,8,28,2451.0
14930.0,12,23,2367.0
14935.0,8,21,2295.0
14940.0,4,27,2415.0
14945.0,3,31,2440.0
14950.0,6,32,2361.0
14955.0,12,38,2516.0
14960.0,10,39,2698.0
14965.0,8,42,2903.0
14970.0,6,46,3124.0
14975.0,5,42,3191.0
14980.0,8,40,3164.0
14985.0,12,38,3347.0
14990.0,12,33,3223.0
14995.0,8,28,2711.0
15000.0,6,26,2692.0
15005.0,2,30,2831.0
15010.0,2,38,2887.0
15015.0,2,35,2758.0
15020.0,4,31,2660.0
15025.0,14,32,2782.0
15030.0,8,38,2903.0
15035.0,5,40,2920.0
15040.0,0,38,2770.0
15045.0,-5,34,2659.0
15050.0,-9,31,2585.0
15055.0,-10,30,2576.0
15060.0,-6,31,2489.0
15065.0,4,32,2651.0
15070.0,12,36,2824.0
15075.0,10,38,2994.0
15080.0,6,40,3155.0
15085.0,2,41,3265.0
15090.0,2,36,3151.0
15095.0,4,32,2901.0
15100.0,4,27,2830.0
15105.0,12,28,2664.0
15110.0,8,27,2649.0
15115.0,8,30,2792.0
15120.0,0,38,2965.0
15125.0,0,42,3040.0
15130.0,0,42,3025.0
15135.0,2,46,3241.0
15140.0,10,45,3405.0
15145.0,6,40,3498.0
15150.0,4,43,3706.0
15155.0,-2,52,3946.0
15160.0,-4,58,4089.0
15165.0,2,57,4138.0
15170.0,6,53,4315.0
15175.0,12,55,4477.0
15180.0,10,58,4761.0
15185.0,4,65,5077.0
15190.0,-4,69,5414.0
15195.0,-4,65,5533.0
15200.0,-2,58,5439.0
15205.0,4,56,5661.0
15210.0,14,62,5960.0
15215.0,10,62,6067.0
15220.0,5,63,6158.0
15225.0,-2,59,6107.0
15230.0,0,56,5530.0
15235.0,2,53,5549.0
15240.0,5,53,5688.0
15245.0,11,59,5970.0
15250.0,9,63,6273.0
15255.0,5,69,6606.0
15260.0,2,73,6964.0
15265.0,1,72,7078.0
15270.0,-2,62,6814.0
15275.0,0,53,6758.0
15280.0,4,55,7028.0
15285.0,10,61,7328.0
15290.0,8,69,7655.0
15295.0,3,69,7885.0
15300.0,-2,63,7916.0
15305.0,-2,56,7836.0
15310.0,0,57,7887.0
15315.0,3,58,7889.0
15320.0,11,59,8182.0
15325.0,11,61,8483.0
15330.0,8,64,8704.0
15335.0,6,60,8831.0
15340.0,2,61,8967.0
15345.0,6,65,9114.0
15350.0,8,67,9266.0
15355.0,12,61,9341.0
15360.0,14,56,9216.0
15365.0,10,59,9503.0
15370.0,4,66,9824.0
15375.0,7,64,10050.0
15380.0,8,57,9664.0
15385.0,12,49,8934.0
15390.0,10,45,8848.0
15395.0,10,49,9075.0
15400.0,8,58,9345.0
15405.0,2,62,9635.0
15410.0,2,64,9837.0
15415.0,4,58,9700.0
15420.0,7,46,9178.0
15425.0,14,38,9082.0
15430.0,9,37,9263.0
15435.0,5,42,9454.0
15440.0,0,51,9678.0
15445.0,0,55,9824.0
15450.0,2,58,9934.0
15455.0,5,56,10150.0
15460.0,11,52,10032.0
15465.0,9,48,9509.0
15470.0,7,48,9706.0
15475.0,2,57,9959.0
15480.0,4,65,10174.0
15485.0,6,60,10304.0
15490.0,8,51,10229.0
15495.0,15,45,9817.0
15500.0,14,45,9724.0
15505.0,6,42,9932.0
15510.0,0,44,9934.0
15515.0,-2,42,9655.0
15520.0,4,44,9671.0
15525.0,8,49,9903.0
15530.0,10,54,10163.0
15535.0,8,55,10089.0
15540.0,6,48,9163.0
15545.0,1,40,9046.0
15550.0,3,41,8997.0
15555.0,3,45,9007.0
15560.0,6,46,9239.0
15565.0,10,50,9471.0
15570.0,8,51,9649.0
15575.0,8,52,9819.0
15580.0,0,55,10076.0
15585.0,0,56,9770.0
15590.0,2,43,8759.0
15595.0,6,37,8242.0
15600.0,12,40,8433.0
15605.0,10,46,8647.0
15610.0,6,48,8432.0
15615.0,2,46,7770.0
15620.0,0,46,7446.0
15625.0,4,45,7048.0
15630.0,11,40,6435.0
15635.0,13,37,6598.0
15640.0,7,33,6758.0
15645.0,9,35,6801.0
15650.0,12,40,6781.0
15655.0,12,45,6998.0
15660.0,12,48,7232.0
15665.0,8,46,7446.0
15670.0,4,45,7619.0
15675.0,6,46,7723.0
15680.0,8,48,7753.0
15685.0,11,40,7765.0
15690.0,11,31,7735.0
15695.0,7,33,7682.0
15700.0,7,41,7866.0
15705.0,11,41,7972.0
15710.0,10,37,7497.0
15715.0,17,30,6677.0
15720.0,20,27,6286.0
15725.0,14,25,6370.0
15730.0,6,24,6041.0
15735.0,0,26,5400.0
15740.0,2,34,5459.0
15745.0,4,34,5441.0
15750.0,5,35,5542.0
15755.0,11,36,5721.0
15760.0,9,34,5848.0
15765.0,5,33,5928.0
15770.0,2,28,5571.0
15775.0,2,27,5077.0
15780.0,7,24,5037.0
15785.0,9,26,4751.0
15790.0,10,26,4065.0
15795.0,10,33,4217.0
15800.0,6,38,4399.0
15805.0,2,36,4113.0
15810.0,0,31,3271.0
15815.0,0,23,3170.0
15820.0,4,23,3279.0
15825.0,10,25,3395.0
15830.0,6,26,3516.0
15835.0,1,34,3656.0
15840.0,0,38,3841.0
15845.0,-7,42,4043.0
15850.0,-10,39,4136.0
15855.0,-6,34,4117.0
15860.0,4,29,4185.0
15865.0,10,24,4144.0
15870.0,8,24,4260.0
15875.0,6,27,4386.0
15880.0,0,29,4163.0
15885.0,7,25,3472.0
15890.0,4,18,2874.0
15895.0,9,20,2864.0
15900.0,13,21,2970.0
15905.0,12,21,3064.0
15910.0,5,27,3179.0
15915.0,3,31,3324.0
15920.0,-5,37,3404.0
15925.0,-8,36,3390.0
15930.0,-14,32,3464.0
15935.0,-20,31,3622.0
15940.0,-20,34,3783.0
15945.0,-20,34,3887.0
15950.0,-20,32,3581.0
15955.0,-12,23,2638.0
15960.0,-3,16,2109.0
15965.0,6,14,2127.0
15970.0,15,16,2199.0
15975.0,9,20,2290.0
15980.0,6,26,2409.0
15985.0,-2,33,2559.0
15990.0,-7,37,2737.0
15995.0,-13,39,2932.0
16000.0,-19,36,3020.0
16005.0,-19,32,3002.0
16010.0,-19,27,3071.0
16015.0,-19,26,3202.0
16020.0,-19,27,3332.0
16025.0,-19,29,3077.0
16030.0,-13,26,2935.0
16035.0,-5,18,2412.0
16040.0,4,14,2312.0
16045.0,10,14,2378.0
16050.0,11,15,2435.0
16055.0,7,20,2434.0
16060.0,4,26,2549.0
16065.0,0,28,2500.0
16070.0,8,27,2273.0
16075.0,10,23,2287.0
16080.0,12,17,2199.0
16085.0,10,14,2197.0
16090.0,4,17,2276.0
16095.0,-2,23,2380.0
16100.0,-7,28,2502.0
16105.0,-11,29,2551.0
16110.0,-19,25,2427.0
16115.0,-17,21,2541.0
16120.0,-19,23,2650.0
16125.0,-19,29,2781.0
16130.0,-19,26,2825.0
16135.0,-14,18,2539.0
16140.0,-6,12,2179.0
16145.0,3,13,2040.0
16150.0,11,16,2111.0
16155.0,9,17,2184.0
16160.0,7,17,2196.0
16165.0,2,17,2137.0
16170.0,2,16,1994.0
16175.0,2,16,1672.0
16180.0,8,16,1749.0
16185.0,12,16,1827.0
16190.0,13,12,1608.0
16195.0,15,6,1144.0
16200.0,14,9,1030.0
16205.0,11,15,1088.0
16210.0,7,16,1093.0
16215.0,7,18,1091.0
16220.0,4,19,1151.0
16225.0,4,18,1011.0
16230.0,6,13,821.0
16235.0,7,13,733.0
16240.0,9,17,808.0
16245.0,9,16,886.0
16250.0,5,19,968.0
16255.0,0,19,1023.0
16260.0,0,15,903.0
16265.0,4,12,708.0
16270.0,5,12,660.0
16275.0,15,16,731.0
16280.0,11,16,779.0
16285.0,7,15,799.0
16290.0,6,19,857.0
16295.0,2,24,893.0
16300.0,8,24,863.0
16305.0,8,17,941.0
16310.0,12,14,878.0
16315.0,8,16,932.0
16320.0,6,25,1040.0
16325.0,0,29,1177.0
16330.0,2,26,1210.0
16335.0,2,23,1158.0
16340.0,5,21,1188.0
16345.0,11,22,1297.0
16350.0,9,25,1414.0
16355.0,7,29,1550.0
16360.0,0,32,1702.0
16365.0,0,29,1745.0
16370.0,2,26,1665.0
16375.0,5,27,1704.0
16380.0,11,27,1835.0
16385.0,9,30,1975.0
16390.0,5,30,2005.0
16395.0,2,28,1915.0
16400.0,0,26,1955.0
16405.0,3,22,1802.0
16410.0,7,20,1901.0
16415.0,11,27,2018.0
16420.0,9,31,2158.0
16425.0,5,31,2251.0
16430.0,0,29,2316.0
16435.0,0,34,2379.0
16440.0,3,31,2130.0
16445.0,5,24,1990.0
16450.0,13,21,2102.0
16455.0,7,23,2206.0
16460.0,7,25,2185.0
16465.0,2,23,2025.0
16470.0,0,23,1905.0
16475.0,2,21,1837.0
16480.0,6,21,1943.0
16485.0,10,25,2060.0
16490.0,8,26,2165.0
16495.0,3,29,2292.0
16500.0,0,29,2294.0
16505.0,2,21,1942.0
16510.0,4,13,1517.0
16515.0,5,12,1486.0
16520.0,11,17,1560.0
16525.0,9,16,1526.0
16530.0,7,16,1280.0
16535.0,2,17,1137.0
16540.0,2,16,1126.0
16545.0,2,16,1023.0
16550.0,10,18,1108.0
16555.0,12,20,1205.0
16560.0,10,19,1280.0
16565.0,7,18,1236.0
16570.0,0,18,1161.0
16575.0,-2,17,1135.0
16580.0,4,17,1032.0
16585.0,6,17,1117.0
16590.0,12,17,1200.0
16595.0,8,20,1287.0
16600.0,4,19,1283.0
16605.0,-2,16,1220.0
16610.0,-2,16,1153.0
16615.0,2,16,1022.0
16620.0,4,11,1022.0
16625.0,10,10,966.0
16630.0,6,11,966.0
16635.0,4,16,1034.0
16640.0,3,16,1001.0
16645.0,6,11,806.0
16650.0,8,9,818.0
16655.0,10,7,842.0
16660.0,10,10,883.0
16665.0,6,10,929.0
16670.0,2,14,982.0
16675.0,0,14,935.0
16680.0,-1,11,679.0
16685.0,7,7,722.0
16690.0,11,6,754.0
16695.0,9,11,798.0
16700.0,5,13,859.0
16705.0,0,14,915.0
16710.0,2,13,849.0
16715.0,1,12,614.0
16720.0,7,8,660.0
16725.0,13,7,695.0
16730.0,11,8,702.0
16735.0,7,10,737.0
16740.0,4,14,795.0
16745.0,4,14,756.0
16750.0,6,12,629.0
16755.0,11,9,592.0
16760.0,11,9,637.0
16765.0,7,8,655.0
16770.0,5,10,693.0
16775.0,2,15,758.0
16780.0,2,16,731.0
16785.0,0,11,616.0
16790.0,6,8,649.0
16795.0,10,8,685.0
16800.0,8,10,728.0
16805.0,3,11,775.0
16810.0,-2,14,838.0
16815.0,-2,15,806.0
16820.0,4,11,689.0
16825.0,8,8,734.0
16830.0,12,7,769.0
16835.0,10,10,812.0
16840.0,6,14,873.0
16845.0,0,15,934.0
16850.0,0,15,874.0
16855.0,4,11,751.0
16860.0,6,10,803.0
16865.0,10,7,842.0
16870.0,8,12,887.0
16875.0,4,12,941.0
16880.0,4,13,883.0
16885.0,4,11,741.0
16890.0,7,7,695.0
16895.0,11,5,726.0
16900.0,9,7,758.0
16905.0,5,9,794.0
16910.0,0,13,852.0
16915.0,0,13,813.0
16920.0,2,11,679.0
16925.0,5,8,632.0
16930.0,11,6,663.0
16935.0,9,10,703.0
16940.0,5,14,763.0
16945.0,0,14,821.0
16950.0,2,14,757.0
16955.0,2,12,627.0
16960.0,2,10,679.0
16965.0,10,9,725.0
16970.0,8,9,743.0
16975.0,9,8,668.0
16980.0,11,6,528.0
16985.0,14,6,561.0
16990.0,12,7,598.0
16995.0,6,11,647.0
17000.0,4,11,693.0
17005.0,-4,14,744.0
17010.0,-2,15,721.0
17015.0,0,11,612.0
17020.0,5,7,578.0
17025.0,11,7,614.0
17030.0,7,9,652.0
17035.0,5,13,713.0
17040.0,2,14,768.0
17045.0,-3,16,820.0
17050.0,-4,17,805.0
17055.0,-2,13,703.0
17060.0,3,8,671.0
17065.0,11,6,706.0
17070.0,7,11,750.0
17075.0,5,11,775.0
17080.0,2,14,818.0
17085.0,4,15,789.0
17090.0,8,13,694.0
17095.0,8,8,731.0
17100.0,10,7,755.0
17105.0,8,9,793.0
17110.0,8,12,848.0
17115.0,2,14,908.0
17120.0,2,15,866.0
17125.0,6,11,738.0
17130.0,6,9,788.0
17135.0,12,8,832.0
17140.0,8,10,878.0
17145.0,4,12,931.0
17150.0,3,11,875.0
17155.0,6,11,732.0
17160.0,10,8,779.0
17165.0,10,9,821.0
17170.0,8,10,868.0
17175.0,3,11,914.0
17180.0,0,14,964.0
17185.0,-5,18,1047.0
17190.0,-11,19,1142.0
17195.0,-12,16,1103.0
17200.0,-6,11,939.0
17205.0,4,9,988.0
17210.0,10,8,1026.0
17215.0,8,10,1066.0
17220.0,5,14,1132.0
17225.0,2,14,1191.0
17230.0,4,16,1124.0
17235.0,2,11,934.0
17240.0,5,7,871.0
17245.0,13,5,903.0
17250.0,9,10,945.0
17255.0,7,11,992.0
17260.0,2,13,1035.0
17265.0,3,13,971.0
17270.0,7,11,695.0
17275.0,9,8,740.0
17280.0,11,6,776.0
17285.0,9,9,812.0
17290.0,7,10,858.0
17295.0,2,13,906.0
17300.0,0,14,854.0
17305.0,4,12,700.0
17310.0,8,9,747.0
17315.0,10,8,787.0
17320.0,8,11,834.0
17325.0,5,14,896.0
17330.0,-1,14,936.0
17335.0,-7,17,982.0
17340.0,-13,17,1055.0
17345.0,-17,17,1140.0
17350.0,-17,17,1225.0
17355.0,-17,17,1310.0
17360.0,-10,14,1243.0
17365.0,-2,9,1028.0
17370.0,6,7,1065.0
17375.0,8,7,1101.0
17380.0,4,11,1148.0
17385.0,0,14,1211.0
17390.0,-4,14,1268.0
17395.0,-7,11,1156.0
17400.0,-1,7,934.0
17405.0,7,4,959.0
17410.0,7,6,982.0
17415.0,3,11,1029.0
17420.0,-1,11,1080.0
17425.0,-7,11,1120.0
17430.0,-11,11,1175.0
17435.0,-9,11,1230.0
17440.0,-11,11,1285.0
17445.0,-6,8,1177.0
17450.0,2,3,921.0
17455.0,7,1,796.0
17460.0,7,5,810.0
17465.0,-1,10,849.0
17470.0,-5,11,904.0
17475.0,-7,8,937.0
17480.0,-2,4,788.0
17485.0,4,1,517.0
17490.0,3,1,391.0
17495.0,3,6,408.0
17500.0,-1,5,410.0
17505.0,-3,3,413.0
17510.0,-3,3,426.0
17515.0,-3,4,446.0
17520.0,-3,4,466.0
17525.0,2,1,319.0
17530.0,0,1,24.0
17535.0,0,1,29.0
17540.0,0,2,36.0
17545.0,0,1,12.0
17550.0,0,0,2.0
17555.0,0,1,4.0
17560.0,0,1,9.0
17565.0,0,1,14.0
17570.0,0,1,19.0
17575.0,0,1,24.0
17580.0,0,1,29.0
17585.0,0,1,34.0
17590.0,0,1,39.0
17595.0,0,1,44.0
17600.0,0,1,49.0
17605.0,0,1,54.0
17610.0,0,1,59.0
17615.0,0,1,64.0
17620.0,0,1,69.0
17625.0,0,1,74.0
17630.0,0,1,79.0
17635.0,0,1,84.0
17640.0,0,1,89.0
17645.0,0,1,94.0
17650.0,0,0,0.0
17655.0,0,0,0.0
17660.0,0,0,0.0
17665.0,0,0,0.0
